Game_number,Round_number,Team,dmg,Pseudo,damage_team,damage_ennemy_team
0,1,CT,115,ARRRRRRRRR,397,500
16,1,CT,0,Yukichi Tsumura,466,545
16,1,CT,98,saƒü elimde fal√ßata solda 70lik,466,545
16,1,CT,300,vikingar,466,545
16,1,CT,68,xfl0ud,466,545
16,1,T,77,xlw,545,466
17,1,T,69,-ScofieLd,400,518
17,1,CT,118,Alexa_ae | sex haver,518,400
17,1,CT,100,DoNeVu,518,400
17,1,CT,89,JsN,518,400
17,1,T,76,LaMasse,400,518
17,1,T,84,Marco_0ne,400,518
17,1,T,100,Pix,400,518
17,1,CT,200,Skynet.tns,518,400
17,1,T,71,Ulicni_hodac,400,518
17,1,CT,11,djem,518,400
18,1,CT,0,.trnX,500,328
18,1,T,7,LaMasse,328,500
18,1,T,221,Pix,328,500
18,1,CT,137,Real1zm,500,328
18,1,CT,42,Timororis,500,328
18,1,CT,321,Tyreu,500,328
18,1,T,49,_S√°bio_,328,500
18,1,T,0,_lincoln_,328,500
18,1,CT,0,bytaN,500,328
18,1,T,0,‚≠êÔ∏è‚≠êÔ∏èBOT CompaQ‚≠êÔ∏è‚≠ê,328,500
18,1,T,51,‚≠êÔ∏è‚≠êÔ∏èCompaQ‚≠êÔ∏è‚≠ê,0,0
19,1,T,69,AlexWolf,118,500
19,1,T,0,AllAbS,118,500
19,1,CT,40,L e G e n D a,500,118
16,1,T,245,TZANCA URAGANU,545,466
19,1,CT,0,Norish,500,118
16,1,T,151,Pix,545,466
16,1,T,57,Daredevil,545,466
13,1,CT,0,Neisonas,100,500
13,1,T,0,Pix,500,100
13,1,CT,0,Po 4:20,100,500
13,1,CT,16,beer,100,500
13,1,CT,0,siemka,100,500
13,1,T,100,–û–ª–ï–ì—Ö,500,100
13,1,T,100,–≠—Ä–∏–∫ –ë–æ–ª—Ç,500,100
13,1,T,200,—Å–æ–ª–∏_—Å–ø–∞–π—Å—ã,500,100
14,1,T,0,*illi*,232,500
14,1,CT,151,Daredevil,500,232
14,1,CT,150,Heli[ver],500,232
14,1,CT,199,LaMasse,500,232
14,1,CT,0,Pix,500,232
14,1,T,0,RushHard F.,232,500
14,1,T,0,SKILL_IST LOST( f1 ),232,500
14,1,CT,0,alvarostia24,500,232
14,1,T,12,sexy eis mit sahne,232,500
14,1,T,220,sv_aim_1,232,500
15,1,T,0,Banita.exe,83,500
15,1,T,0,Ereaway,83,500
15,1,T,0,GlamourX,83,500
15,1,T,0,Kerberos,83,500
15,1,CT,104,LaMasse,500,83
15,1,T,83,Mi≈õ Kolaborant,83,500
15,1,CT,0,Mr . Vik,500,83
15,1,CT,95,Pix,500,83
15,1,CT,1,nerushimav,500,83
15,1,CT,300,ùïÑùï†ùï§ùïñùï§,500,83
16,1,CT,0,999,466,545
16,1,T,15,LaMasse,545,466
13,1,CT,84,NO-trade,100,500
19,1,T,0,STOP‰∫ó -TAISM-,0,0
19,1,CT,0,puckoshark,500,118
23,1,CT,300,ARTO..,321,500
23,1,CT,0,Counterinski,321,500
23,1,CT,0,FuN,321,500
23,1,T,148,LaMasse,500,321
23,1,CT,0,My≈°√°k,321,500
23,1,T,157,Peppy,500,321
23,1,T,0,lil jeep,500,321
23,1,CT,21,szilopapa,321,500
23,1,T,195,”æ”æ”æ,500,321
24,1,T,177,CrossFitJannE,336,511
24,1,CT,119,KubeQ,511,336
24,1,T,43,LaMasse,336,511
24,1,T,0,Linus,336,511
24,1,T,9,Meik√§ poika,336,511
24,1,CT,124,Pingwinator,511,336
24,1,T,107,Pix,336,511
24,1,CT,157,cutie,511,336
24,1,CT,75,is that a supra?,511,336
24,1,CT,36,ok hand,511,336
25,1,CT,0,LaMasse,415,482
25,1,T,74,ONE,482,415
25,1,T,137,PLUXURY SPORT <3,482,415
25,1,CT,124,Paddy Cooper,415,482
25,1,T,145,Robert,482,415
25,1,T,100,Sirius Black,482,415
25,1,CT,221,WoRlD,415,482
25,1,CT,0,mohammed alhaboobi,415,482
25,1,T,26,sh1zey,482,415
25,1,CT,70,‚òú‚òÜ‚òû ddie ‚òú‚òÜ‚òû,415,482
23,1,T,0,911-,500,321
19,1,T,26,hcaktuna,118,500
22,1,T,0,sk0rp,100,461
22,1,T,0,bL(*+*)K ^,100,461
19,1,CT,460,sMiley,500,118
19,1,CT,0,simoN,500,118
20,1,T,94,CiufyX*,400,344
20,1,T,49,ElegyEllem,400,344
20,1,T,69,Eusebio Sausage,400,344
20,1,T,23,LaMasse,400,344
20,1,CT,115,RASTADANIK,344,400
20,1,CT,96,c–ª—É—á–∞–π–Ω–æ,344,400
20,1,CT,0,gbba,344,400
20,1,T,165,husky,400,344
20,1,CT,0,k1bu,344,400
20,1,CT,133,–ó–∞–¶–µ–ù–∏_116Rus,344,400
21,1,CT,0,?Zimmer 6_Raisen.CS.Money,189,500
21,1,CT,0,Bongo,189,500
21,1,T,0,Fr3e,500,189
21,1,T,135,Kosta,500,189
21,1,T,0,LaMasse,500,189
21,1,CT,68,Mr. Worldwide (‚åê‚ñ†_‚ñ†),189,500
21,1,CT,82,Stanley,189,500
21,1,CT,39,TFusi0n,189,500
21,1,T,200,aKIA,500,189
21,1,T,165,weeeeee,500,189
22,1,T,0,GlobaL!peeK,100,461
22,1,CT,0,Golgotho,461,100
22,1,CT,270,LaMasse,461,100
22,1,T,0,Max15Craft,100,461
22,1,CT,100,Pix,461,100
22,1,CT,0,Pixels,461,100
22,1,T,100,Warning! ‚ò¢,100,461
22,1,CT,91,josebadecarglass,461,100
13,1,T,100,LaMasse,500,100
19,1,T,23,LaMasse,118,500
12,1,CT,0,zadymka,40,500
3,1,CT,119,Midgar_7,500,200
3,1,CT,5,Pix,500,200
3,1,CT,100,Squirt for me?,500,200
3,1,CT,176,TACOS,500,200
3,1,T,200,cocaine shawty,200,500
3,1,T,0,fatument,200,500
4,1,T,69,-ScofieLd,400,518
4,1,CT,118,Alexa_ae | sex haver,518,400
4,1,CT,100,DoNeVu,518,400
4,1,CT,89,JsN,518,400
4,1,T,76,LaMasse,400,518
4,1,T,84,Marco_0ne,400,518
4,1,T,100,Pix,400,518
4,1,CT,200,Skynet.tns,518,400
4,1,T,71,Ulicni_hodac,400,518
4,1,CT,11,djem,518,400
5,1,CT,0,.trnX,500,328
5,1,T,7,LaMasse,328,500
5,1,T,221,Pix,328,500
5,1,CT,137,Real1zm,500,328
5,1,CT,42,Timororis,500,328
5,1,CT,321,Tyreu,500,328
5,1,T,49,_S√°bio_,328,500
5,1,T,0,_lincoln_,328,500
5,1,CT,0,bytaN,500,328
5,1,T,0,‚≠êÔ∏è‚≠êÔ∏èBOT CompaQ‚≠êÔ∏è‚≠ê,328,500
5,1,T,51,‚≠êÔ∏è‚≠êÔ∏èCompaQ‚≠êÔ∏è‚≠ê,0,0
6,1,CT,137,Daredevil,270,473
6,1,T,88,KreizySofric,473,270
3,1,CT,100,LaMasse,500,200
6,1,CT,74,"L'ahuri, bi√®re en main",270,473
3,1,T,0,LE C,200,500
3,1,T,0,Bing Chilling,200,500
12,1,CT,0,·†åproland,40,500
0,1,T,169,MooN,500,397
0,1,CT,79,Pix,397,500
0,1,CT,0,SibirskiPlavac,397,500
0,1,T,100,Super Kobe,500,397
0,1,T,0,Super Mongo,500,397
0,1,T,0,Super gayzolas,500,397
0,1,T,231,Super linda,500,397
0,1,CT,19,TACOS,397,500
1,1,T,100,ARRRRRRRRR,100,500
1,1,T,0,D22,100,500
1,1,T,0,Dr. Carry,100,500
1,1,T,0,HardChiller,100,500
1,1,CT,82,LaMasse,500,100
1,1,CT,0,MAREGA,500,100
1,1,CT,164,Montanelas ( Õ°¬∞ Õú ñ Õ°,500,100
1,1,CT,141,Pix,500,100
1,1,CT,113,TACOS,500,100
1,1,T,0,Tomkos,100,500
2,1,T,1,Beetlejuice,493,497
2,1,CT,146,Folcatus,497,493
2,1,T,63,KONDZIU,493,497
2,1,T,63,LaMasse,493,497
2,1,CT,112,Silverino,497,493
2,1,CT,0,broski,497,493
2,1,CT,40,kiko,497,493
2,1,T,265,–ê–™–™–ê,493,497
2,1,T,101,–≠–¢–û–¢ –Æ–†–ï–¶,493,497
2,1,CT,199,–±–ª–µ–±–µ—Ä—Ç,497,493
3,1,T,0,Golden Patrone,200,500
6,1,CT,54,LaMasse,270,473
0,1,CT,184,LaMasse,397,500
6,1,T,101,janjebemajke,473,270
9,1,T,1,ÂÖàËº©S”ò…≥œÅaœäÂÖàËº©,270,456
10,1,T,134,1rs1n,500,195
10,1,T,81,AIR,500,195
10,1,T,100,Dan,500,195
10,1,CT,0,Daredevil,195,500
10,1,T,85,Knur ;3,500,195
10,1,CT,38,LaMasse,195,500
10,1,CT,37,Pix,195,500
10,1,T,100,[DB] Dante,500,195
10,1,CT,0,diki,195,500
10,1,CT,120,ltglenn2,195,500
11,1,CT,100,Battledrone,500,402
11,1,T,30,Daredevil,402,500
11,1,CT,52,Jennykla,500,402
11,1,T,100,LaMasse,402,500
11,1,T,20,Lapland,402,500
11,1,CT,148,Xantho,500,402
11,1,T,83,ferwbal,402,500
11,1,CT,200,xNexT9,500,402
11,1,CT,0,‚ú™ Betchy,500,402
11,1,T,169,„Ç£ÁßëToxic GhoulÁßë„Ç£,402,500
12,1,CT,3,CO√ëITO 2.0,40,500
12,1,CT,3,Daredevil,40,500
12,1,T,209,GUGU≈ö,500,40
12,1,T,191,ICE MAKER,500,40
12,1,CT,34,LaMasse,40,500
12,1,T,100,Old Vack,500,40
12,1,T,0,PenisBrno,500,40
6,1,CT,5,Pix,270,473
9,1,T,0,–í–ª–∞–¥ –Ø—Ä–æ–≤–æ–π,270,456
9,1,T,90,–ê–ù–¢–û–ù –Æ–†–¨–ï–í–ò–ß,270,456
12,1,T,0,g1mple,500,40
9,1,CT,0,Pix,456,270
6,1,T,84,jure,473,270
6,1,T,0,lovro,473,270
6,1,T,200,mihac,473,270
6,1,CT,0,—Å–µ–≥–æ–¥–Ω—è –æ—Ç–¥—ã—Ö–∞—é,270,473
7,1,CT,67,AHOUUU WAOUF WAOUF,500,102
7,1,T,0,"Boris""Nemlow""V",0,0
7,1,CT,1,Daredevil,500,102
7,1,T,60,Dzerteur,102,500
9,1,T,79,huskies,270,456
7,1,CT,138,Midgar_7,500,102
7,1,CT,33,Pix,500,102
7,1,T,0,Seb‚ú™Z,102,500
7,1,CT,261,–ì–Ω–æ–º,500,102
7,1,T,42,÷çPuri÷ç,102,500
7,1,T,0,GuiiZ#,102,500
8,1,CT,0,Elfo,416,451
8,1,T,137,2kilo ziemniakow,451,416
9,1,T,100,Jol1y,270,456
9,1,CT,236,Daredevil,456,270
9,1,CT,29,Anime –Ω–∞ –∞–≤–µ,456,270
9,1,CT,123,99 problems,456,270
8,1,T,23,‚≠ï‚É§GerarHB9‚òÅ,451,416
9,1,CT,108,LaMasse,456,270
8,1,T,176,Pix,451,416
8,1,CT,220,OldManTouchy,416,451
8,1,T,0,Midgar_7,451,416
8,1,CT,53,Luci,416,451
8,1,T,115,LaMasse,451,416
8,1,CT,95,Ichigo Kurosaki,416,451
8,1,CT,48,qLethal,416,451
17,2,T,52,Pix,330,520
17,2,T,4,Marco_0ne,330,520
17,2,T,144,LaMasse,330,520
17,2,CT,87,JsN,520,330
17,2,CT,146,DoNeVu,520,330
16,2,CT,25,xfl0ud,209,500
17,2,T,30,-ScofieLd,330,520
16,2,T,292,xlw,500,209
16,2,CT,0,vikingar,209,500
16,2,CT,0,saƒü elimde fal√ßata solda 70lik,209,500
16,2,CT,184,Yukichi Tsumura,209,500
17,2,CT,113,Alexa_ae | sex haver,520,330
17,2,CT,174,Skynet.tns,520,330
19,2,CT,0,L e G e n D a,492,144
17,2,CT,0,djem,520,330
18,2,CT,80,.trnX,254,500
18,2,T,100,LaMasse,500,254
18,2,T,131,Pix,500,254
18,2,CT,65,Real1zm,254,500
18,2,CT,54,Timororis,254,500
18,2,CT,0,Tyreu,254,500
18,2,T,22,_S√°bio_,500,254
18,2,T,147,_lincoln_,500,254
18,2,CT,55,bytaN,254,500
18,2,T,100,‚≠êÔ∏è‚≠êÔ∏èBOT CompaQ‚≠êÔ∏è‚≠ê,500,254
19,2,T,0,AlexWolf,144,492
19,2,T,133,AllAbS,144,492
13,2,CT,72,Neisonas,499,241
17,2,T,100,Ulicni_hodac,330,520
16,2,T,85,TZANCA URAGANU,500,209
14,2,T,0,sexy eis mit sahne,180,588
16,2,T,44,LaMasse,500,209
19,2,CT,200,Norish,492,144
13,2,T,0,Pix,241,499
13,2,CT,100,Po 4:20,499,241
13,2,CT,136,beer,499,241
13,2,CT,92,siemka,499,241
13,2,T,25,–û–ª–ï–ì—Ö,241,499
13,2,T,100,–≠—Ä–∏–∫ –ë–æ–ª—Ç,241,499
13,2,T,81,—Å–æ–ª–∏_—Å–ø–∞–π—Å—ã,241,499
14,2,T,0,*illi*,180,588
14,2,CT,37,Daredevil,588,180
14,2,CT,63,Heli[ver],588,180
14,2,CT,100,LaMasse,588,180
14,2,CT,199,Pix,588,180
14,2,T,103,RushHard F.,180,588
14,2,T,51,SKILL_IST LOST( f1 ),180,588
14,2,CT,189,alvarostia24,588,180
14,2,T,26,sv_aim_1,180,588
15,2,T,0,Banita.exe,500,322
15,2,T,100,Ereaway,500,322
15,2,T,300,GlamourX,500,322
15,2,T,12,Kerberos,500,322
15,2,CT,45,LaMasse,322,500
15,2,T,88,Mi≈õ Kolaborant,500,322
15,2,CT,0,Mr . Vik,322,500
15,2,CT,78,Pix,322,500
15,2,CT,71,nerushimav,322,500
15,2,CT,128,ùïÑùï†ùï§ùïñùï§,322,500
16,2,CT,0,999,209,500
16,2,T,0,Daredevil,500,209
16,2,T,79,Pix,500,209
19,2,T,0,STOP‰∫ó -TAISM-,0,0
22,2,T,53,bL(*+*)K ^,281,500
19,2,CT,100,puckoshark,492,144
23,2,CT,0,Counterinski,369,421
23,2,CT,40,FuN,369,421
23,2,T,21,LaMasse,421,369
23,2,CT,78,My≈°√°k,369,421
23,2,T,200,Peppy,421,369
23,2,T,75,lil jeep,421,369
23,2,CT,160,szilopapa,369,421
23,2,T,100,”æ”æ”æ,421,369
24,2,T,27,CrossFitJannE,492,586
24,2,CT,153,KubeQ,586,492
24,2,T,200,LaMasse,492,586
24,2,T,248,Linus,492,586
24,2,T,0,Meik√§ poika,492,586
24,2,CT,64,Pingwinator,586,492
24,2,T,17,Pix,492,586
24,2,CT,0,cutie,586,492
24,2,CT,0,is that a supra?,586,492
24,2,CT,369,ok hand,586,492
25,2,CT,178,LaMasse,500,360
25,2,T,81,ONE,360,500
25,2,T,79,PLUXURY SPORT <3,360,500
25,2,CT,109,Paddy Cooper,500,360
25,2,T,79,Robert,360,500
25,2,T,100,Sirius Black,360,500
25,2,CT,91,WoRlD,500,360
25,2,CT,72,mohammed alhaboobi,500,360
25,2,T,21,sh1zey,360,500
25,2,CT,50,‚òú‚òÜ‚òû ddie ‚òú‚òÜ‚òû,500,360
13,2,CT,99,NO-trade,499,241
23,2,CT,91,ARTO..,369,421
19,2,T,11,hcaktuna,144,492
23,2,T,25,911-,421,369
22,2,CT,36,josebadecarglass,500,281
19,2,CT,100,sMiley,492,144
19,2,CT,92,simoN,492,144
20,2,T,0,CiufyX*,500,447
20,2,T,208,ElegyEllem,500,447
20,2,T,0,Eusebio Sausage,500,447
20,2,T,197,LaMasse,500,447
20,2,CT,102,RASTADANIK,447,500
20,2,CT,100,c–ª—É—á–∞–π–Ω–æ,447,500
20,2,CT,154,gbba,447,500
20,2,T,95,husky,500,447
20,2,CT,91,k1bu,447,500
20,2,CT,0,–ó–∞–¶–µ–ù–∏_116Rus,447,500
21,2,CT,96,?Zimmer 6_Raisen.CS.Money,500,290
21,2,CT,82,Bongo,500,290
21,2,T,0,Fr3e,290,500
21,2,T,100,Kosta,290,500
21,2,T,22,LaMasse,290,500
21,2,CT,86,Mr. Worldwide (‚åê‚ñ†_‚ñ†),500,290
21,2,CT,36,Stanley,500,290
21,2,CT,200,TFusi0n,500,290
21,2,T,123,aKIA,290,500
21,2,T,45,weeeeee,290,500
22,2,T,100,GlobaL!peeK,281,500
22,2,CT,102,Golgotho,500,281
22,2,CT,298,LaMasse,500,281
22,2,T,10,Max15Craft,281,500
22,2,CT,0,Pix,500,281
22,2,CT,64,Pixels,500,281
22,2,T,0,Warning! ‚ò¢,281,500
22,2,T,118,sk0rp,281,500
13,2,T,35,LaMasse,241,499
19,2,T,0,LaMasse,144,492
12,2,CT,96,zadymka,483,500
3,2,CT,0,Midgar_7,297,500
3,2,CT,66,Pix,297,500
3,2,CT,0,Squirt for me?,297,500
3,2,CT,0,TACOS,297,500
3,2,T,0,cocaine shawty,500,297
3,2,T,142,fatument,500,297
4,2,T,30,-ScofieLd,330,520
4,2,CT,113,Alexa_ae | sex haver,520,330
4,2,CT,146,DoNeVu,520,330
4,2,CT,87,JsN,520,330
4,2,T,144,LaMasse,330,520
4,2,T,4,Marco_0ne,330,520
4,2,T,52,Pix,330,520
4,2,CT,174,Skynet.tns,520,330
4,2,T,100,Ulicni_hodac,330,520
4,2,CT,0,djem,520,330
5,2,CT,80,.trnX,254,500
5,2,T,100,LaMasse,500,254
5,2,T,131,Pix,500,254
5,2,CT,65,Real1zm,254,500
5,2,CT,54,Timororis,254,500
5,2,CT,0,Tyreu,254,500
5,2,T,22,_S√°bio_,500,254
5,2,T,147,_lincoln_,500,254
5,2,CT,55,bytaN,254,500
5,2,T,100,‚≠êÔ∏è‚≠êÔ∏èBOT CompaQ‚≠êÔ∏è‚≠ê,500,254
6,2,CT,49,Daredevil,264,500
6,2,T,27,KreizySofric,500,264
6,2,CT,113,"L'ahuri, bi√®re en main",264,500
3,2,CT,231,LaMasse,297,500
6,2,CT,15,LaMasse,264,500
3,2,T,258,LE C,500,297
3,2,T,87,Bing Chilling,500,297
0,2,CT,158,LaMasse,448,384
0,2,T,0,MooN,384,448
0,2,CT,0,Pix,448,384
0,2,CT,126,SibirskiPlavac,448,384
0,2,T,100,Super Kobe,384,448
0,2,T,200,Super Mongo,384,448
0,2,T,84,Super gayzolas,384,448
0,2,T,0,Super linda,384,448
0,2,CT,164,TACOS,448,384
1,2,T,92,ARRRRRRRRR,335,500
1,2,T,0,D22,335,500
1,2,T,0,Dr. Carry,335,500
1,2,T,143,HardChiller,335,500
1,2,CT,28,LaMasse,500,335
1,2,CT,272,MAREGA,500,335
1,2,CT,100,Montanelas ( Õ°¬∞ Õú ñ Õ°,500,335
1,2,CT,0,Pix,500,335
1,2,CT,100,TACOS,500,335
1,2,T,100,Tomkos,335,500
2,2,T,0,Beetlejuice,500,210
2,2,CT,139,Folcatus,210,500
2,2,T,127,KONDZIU,500,210
2,2,T,73,LaMasse,500,210
2,2,CT,22,Silverino,210,500
2,2,CT,1,broski,210,500
2,2,CT,0,kiko,210,500
2,2,T,200,–ê–™–™–ê,500,210
2,2,T,100,–≠–¢–û–¢ –Æ–†–ï–¶,500,210
2,2,CT,48,–±–ª–µ–±–µ—Ä—Ç,210,500
3,2,T,13,Golden Patrone,500,297
6,2,CT,0,Pix,264,500
0,2,CT,0,ARRRRRRRRR,448,384
12,2,CT,15,·†åproland,483,500
9,2,T,202,ÂÖàËº©S”ò…≥œÅaœäÂÖàËº©,236,540
10,2,T,100,1rs1n,395,137
10,2,T,142,AIR,395,137
10,2,T,76,Dan,395,137
10,2,CT,16,Daredevil,137,395
10,2,T,58,Knur ;3,395,137
10,2,CT,19,LaMasse,137,395
10,2,CT,32,Pix,137,395
10,2,T,114,[DB] Dante,395,137
10,2,CT,100,diki,137,395
10,2,CT,70,ltglenn2,137,395
11,2,CT,87,Battledrone,478,300
6,2,T,35,janjebemajke,500,264
11,2,CT,181,Jennykla,478,300
11,2,T,149,LaMasse,300,478
11,2,T,50,Lapland,300,478
11,2,CT,103,Xantho,478,300
11,2,T,15,ferwbal,300,478
11,2,CT,107,xNexT9,478,300
11,2,CT,0,‚ú™ Betchy,478,300
11,2,T,0,„Ç£ÁßëToxic GhoulÁßë„Ç£,300,478
12,2,CT,77,CO√ëITO 2.0,483,500
12,2,CT,84,Daredevil,483,500
12,2,T,0,GUGU≈ö,500,483
12,2,T,74,ICE MAKER,500,483
12,2,CT,211,LaMasse,483,500
12,2,T,126,Old Vack,500,483
12,2,T,95,PenisBrno,500,483
12,2,T,205,g1mple,500,483
9,2,T,63,–í–ª–∞–¥ –Ø—Ä–æ–≤–æ–π,236,540
9,2,T,0,–ê–ù–¢–û–ù –Æ–†–¨–ï–í–ò–ß,236,540
11,2,T,86,Daredevil,300,478
9,2,CT,254,Pix,540,236
9,2,T,21,huskies,236,540
6,2,T,47,jure,500,264
6,2,T,221,lovro,500,264
6,2,T,170,mihac,500,264
6,2,CT,87,—Å–µ–≥–æ–¥–Ω—è –æ—Ç–¥—ã—Ö–∞—é,264,500
7,2,CT,137,AHOUUU WAOUF WAOUF,500,358
7,2,T,193,"Boris""Nemlow""V",358,500
7,2,CT,156,Daredevil,500,358
7,2,T,0,GuiiZ#,358,500
7,2,CT,116,Midgar_7,500,358
7,2,CT,24,Pix,500,358
7,2,T,115,Seb‚ú™Z,358,500
7,2,CT,67,–ì–Ω–æ–º,500,358
7,2,T,0,÷çPuri÷ç,358,500
7,2,T,50,Dzerteur,358,500
8,2,CT,200,Elfo,500,484
8,2,T,46,2kilo ziemniakow,484,500
9,2,T,28,Jol1y,236,540
9,2,CT,0,Daredevil,540,236
9,2,CT,59,Anime –Ω–∞ –∞–≤–µ,540,236
9,2,CT,159,99 problems,540,236
8,2,T,0,‚≠ï‚É§GerarHB9‚òÅ,484,500
8,2,CT,100,qLethal,500,484
9,2,CT,28,LaMasse,540,236
8,2,CT,77,OldManTouchy,500,484
8,2,T,93,Midgar_7,484,500
8,2,CT,100,Luci,500,484
8,2,T,178,LaMasse,484,500
8,2,CT,23,Ichigo Kurosaki,500,484
8,2,T,167,Pix,484,500
17,3,T,0,Pix,155,500
17,3,T,0,Marco_0ne,155,500
17,3,T,1,LaMasse,155,500
17,3,CT,263,JsN,500,155
17,3,CT,100,DoNeVu,500,155
17,3,CT,37,Alexa_ae | sex haver,500,155
16,3,CT,3,vikingar,466,438
16,3,T,0,xlw,438,466
16,3,CT,10,xfl0ud,466,438
16,3,CT,151,saƒü elimde fal√ßata solda 70lik,466,438
16,3,CT,202,Yukichi Tsumura,466,438
16,3,T,106,TZANCA URAGANU,438,466
17,3,T,100,-ScofieLd,155,500
17,3,CT,100,Skynet.tns,500,155
19,3,CT,74,L e G e n D a,370,500
17,3,CT,0,djem,500,155
18,3,CT,25,.trnX,350,500
18,3,T,52,LaMasse,500,350
18,3,T,148,Pix,500,350
18,3,CT,0,Real1zm,350,500
18,3,CT,50,Timororis,350,500
18,3,CT,175,Tyreu,350,500
18,3,T,100,_S√°bio_,500,350
18,3,T,100,_lincoln_,500,350
18,3,CT,100,bytaN,350,500
18,3,T,100,‚≠êÔ∏è‚≠êÔ∏èBOT CompaQ‚≠êÔ∏è‚≠ê,500,350
19,3,T,144,AlexWolf,500,370
19,3,T,100,AllAbS,500,370
17,3,T,54,Ulicni_hodac,155,500
16,3,T,98,Pix,438,466
13,3,CT,72,NO-trade,526,392
16,3,T,134,Daredevil,438,466
19,3,T,156,LaMasse,500,370
13,3,CT,0,Neisonas,526,392
13,3,T,113,Pix,392,526
13,3,CT,126,Po 4:20,526,392
13,3,CT,173,beer,526,392
13,3,CT,155,siemka,526,392
13,3,T,31,–û–ª–ï–ì—Ö,392,526
13,3,T,92,–≠—Ä–∏–∫ –ë–æ–ª—Ç,392,526
13,3,T,100,—Å–æ–ª–∏_—Å–ø–∞–π—Å—ã,392,526
14,3,T,2,*illi*,499,500
14,3,CT,87,Daredevil,500,499
14,3,CT,14,Heli[ver],500,499
14,3,CT,219,LaMasse,500,499
14,3,CT,0,Pix,500,499
16,3,T,100,LaMasse,438,466
14,3,T,22,RushHard F.,499,500
14,3,CT,180,alvarostia24,500,499
14,3,T,196,sexy eis mit sahne,499,500
14,3,T,179,sv_aim_1,499,500
15,3,T,0,Banita.exe,300,500
15,3,T,26,Ereaway,300,500
15,3,T,0,GlamourX,300,500
15,3,T,165,Kerberos,300,500
15,3,CT,190,LaMasse,500,300
15,3,T,109,Mi≈õ Kolaborant,300,500
15,3,CT,0,Mr . Vik,500,300
15,3,CT,146,Pix,500,300
15,3,CT,100,nerushimav,500,300
15,3,CT,64,ùïÑùï†ùï§ùïñùï§,500,300
16,3,CT,100,999,466,438
14,3,T,100,SKILL_IST LOST( f1 ),499,500
19,3,CT,76,Norish,370,500
25,3,CT,136,‚òú‚òÜ‚òû ddie ‚òú‚òÜ‚òû,500,273
19,3,T,100,hcaktuna,500,370
23,3,CT,156,ARTO..,500,482
23,3,CT,0,Counterinski,500,482
23,3,CT,40,FuN,500,482
23,3,T,122,LaMasse,482,500
23,3,CT,31,My≈°√°k,500,482
23,3,T,191,Peppy,482,500
23,3,T,28,lil jeep,482,500
23,3,CT,273,szilopapa,500,482
23,3,T,141,”æ”æ”æ,482,500
24,3,T,29,CrossFitJannE,327,500
24,3,CT,0,KubeQ,500,327
24,3,T,42,LaMasse,327,500
24,3,T,58,Linus,327,500
24,3,T,198,Meik√§ poika,327,500
24,3,CT,6,Pingwinator,500,327
24,3,T,0,Pix,327,500
24,3,CT,294,cutie,500,327
24,3,CT,0,is that a supra?,500,327
24,3,CT,200,ok hand,500,327
25,3,CT,200,LaMasse,500,273
25,3,T,81,ONE,273,500
25,3,T,0,PLUXURY SPORT <3,273,500
25,3,CT,65,Paddy Cooper,500,273
25,3,T,127,Robert,273,500
25,3,T,0,Sirius Black,273,500
25,3,CT,35,WoRlD,500,273
25,3,CT,64,mohammed alhaboobi,500,273
25,3,T,65,sh1zey,273,500
13,3,T,56,LaMasse,392,526
23,3,T,0,911-,482,500
19,3,T,0,STOP‰∫ó -TAISM-,500,370
22,3,T,200,sk0rp,371,500
22,3,T,81,bL(*+*)K ^,371,500
19,3,CT,26,puckoshark,370,500
19,3,CT,100,sMiley,370,500
19,3,CT,94,simoN,370,500
20,3,T,0,CiufyX*,500,356
20,3,T,155,ElegyEllem,500,356
20,3,T,15,Eusebio Sausage,500,356
20,3,T,159,LaMasse,500,356
20,3,CT,0,RASTADANIK,356,500
20,3,CT,300,c–ª—É—á–∞–π–Ω–æ,356,500
20,3,CT,0,gbba,356,500
20,3,T,171,husky,500,356
20,3,CT,56,k1bu,356,500
20,3,CT,0,–ó–∞–¶–µ–ù–∏_116Rus,356,500
21,3,CT,0,?Zimmer 6_Raisen.CS.Money,105,485
21,3,CT,22,Bongo,105,485
21,3,T,100,Fr3e,485,105
21,3,T,207,Kosta,485,105
21,3,T,100,LaMasse,485,105
21,3,CT,83,Mr. Worldwide (‚åê‚ñ†_‚ñ†),105,485
21,3,CT,0,Stanley,105,485
21,3,CT,0,TFusi0n,105,485
21,3,T,78,aKIA,485,105
21,3,T,0,weeeeee,485,105
22,3,T,0,GlobaL!peeK,371,500
22,3,CT,0,Golgotho,500,371
22,3,CT,184,LaMasse,500,371
22,3,T,46,Max15Craft,371,500
22,3,CT,88,Pix,500,371
22,3,CT,100,Pixels,500,371
22,3,CT,128,josebadecarglass,500,371
22,3,T,44,Warning! ‚ò¢,371,500
12,3,CT,103,·†åproland,249,500
12,3,T,140,g1mple,500,249
3,3,CT,100,LaMasse,433,500
3,3,CT,233,Midgar_7,433,500
3,3,CT,39,Pix,433,500
3,3,CT,0,Squirt for me?,433,500
3,3,CT,61,TACOS,433,500
3,3,T,34,cocaine shawty,500,433
3,3,T,165,fatument,500,433
4,3,T,100,-ScofieLd,155,500
4,3,CT,37,Alexa_ae | sex haver,500,155
4,3,CT,100,DoNeVu,500,155
4,3,CT,263,JsN,500,155
4,3,T,1,LaMasse,155,500
4,3,T,0,Marco_0ne,155,500
3,3,T,231,Golden Patrone,500,433
4,3,T,0,Pix,155,500
4,3,T,54,Ulicni_hodac,155,500
4,3,CT,0,djem,500,155
5,3,CT,25,.trnX,350,500
5,3,T,52,LaMasse,500,350
5,3,T,148,Pix,500,350
5,3,CT,0,Real1zm,350,500
5,3,CT,50,Timororis,350,500
5,3,CT,175,Tyreu,350,500
5,3,T,100,_S√°bio_,500,350
5,3,T,100,_lincoln_,500,350
5,3,CT,100,bytaN,350,500
5,3,T,100,‚≠êÔ∏è‚≠êÔ∏èBOT CompaQ‚≠êÔ∏è‚≠ê,500,350
6,3,CT,200,Daredevil,500,134
4,3,CT,100,Skynet.tns,500,155
3,3,T,35,Bing Chilling,500,433
2,3,CT,156,–±–ª–µ–±–µ—Ä—Ç,395,500
2,3,T,234,–≠–¢–û–¢ –Æ–†–ï–¶,500,395
12,3,CT,23,zadymka,249,500
0,3,CT,0,ARRRRRRRRR,433,422
0,3,CT,34,LaMasse,433,422
0,3,T,0,MooN,422,433
0,3,CT,66,Pix,433,422
0,3,CT,56,SibirskiPlavac,433,422
0,3,T,100,Super Kobe,422,433
0,3,T,22,Super Mongo,422,433
0,3,T,200,Super gayzolas,422,433
0,3,T,100,Super linda,422,433
0,3,CT,277,TACOS,433,422
1,3,T,123,ARRRRRRRRR,401,500
1,3,T,60,D22,401,500
1,3,T,64,Dr. Carry,401,500
1,3,T,86,HardChiller,401,500
1,3,CT,242,LaMasse,500,401
1,3,CT,61,MAREGA,500,401
1,3,CT,0,Montanelas ( Õ°¬∞ Õú ñ Õ°,500,401
1,3,CT,148,Pix,500,401
1,3,CT,49,TACOS,500,401
1,3,T,68,Tomkos,401,500
2,3,T,43,Beetlejuice,500,395
2,3,CT,70,Folcatus,395,500
2,3,T,23,KONDZIU,500,395
2,3,T,0,LaMasse,500,395
2,3,CT,101,Silverino,395,500
2,3,CT,68,broski,395,500
2,3,CT,0,kiko,395,500
2,3,T,200,–ê–™–™–ê,500,395
6,3,T,100,KreizySofric,134,500
6,3,CT,42,"L'ahuri, bi√®re en main",500,134
3,3,T,35,LE C,500,433
6,3,CT,0,Pix,500,134
9,3,T,0,–í–ª–∞–¥ –Ø—Ä–æ–≤–æ–π,132,468
9,3,T,54,ÂÖàËº©S”ò…≥œÅaœäÂÖàËº©,132,468
10,3,T,26,1rs1n,271,565
10,3,T,0,AIR,271,565
10,3,T,100,Dan,271,565
10,3,CT,92,Daredevil,565,271
10,3,T,50,Knur ;3,271,565
10,3,CT,122,LaMasse,565,271
10,3,CT,109,Pix,565,271
10,3,T,0,[DB] Dante,0,0
10,3,CT,0,diki,565,271
10,3,CT,142,ltglenn2,565,271
11,3,CT,0,Battledrone,499,72
11,3,T,0,Daredevil,72,499
11,3,CT,236,Jennykla,499,72
11,3,T,72,LaMasse,72,499
11,3,T,0,Lapland,72,499
11,3,CT,148,Xantho,499,72
11,3,T,0,ferwbal,72,499
11,3,CT,115,xNexT9,499,72
11,3,CT,0,‚ú™ Betchy,499,72
11,3,T,0,„Ç£ÁßëToxic GhoulÁßë„Ç£,72,499
12,3,CT,0,CO√ëITO 2.0,249,500
12,3,CT,123,Daredevil,249,500
12,3,T,1,GUGU≈ö,500,249
12,3,T,200,ICE MAKER,500,249
12,3,CT,0,LaMasse,249,500
12,3,T,99,Old Vack,500,249
6,3,CT,100,LaMasse,500,134
9,3,T,0,–ê–ù–¢–û–ù –Æ–†–¨–ï–í–ò–ß,132,468
9,3,T,0,huskies,132,468
12,3,T,60,PenisBrno,500,249
9,3,CT,100,LaMasse,468,132
9,3,CT,368,Pix,468,132
6,3,T,0,jure,134,500
6,3,T,0,lovro,134,500
6,3,T,0,mihac,134,500
6,3,CT,158,—Å–µ–≥–æ–¥–Ω—è –æ—Ç–¥—ã—Ö–∞—é,500,134
7,3,CT,233,AHOUUU WAOUF WAOUF,469,100
7,3,T,0,"Boris""Nemlow""V",100,469
7,3,CT,154,Daredevil,469,100
7,3,T,29,Dzerteur,100,469
7,3,T,0,GuiiZ#,100,469
7,3,CT,0,Midgar_7,469,100
7,3,CT,82,Pix,469,100
7,3,T,0,Seb‚ú™Z,100,469
7,3,CT,0,–ì–Ω–æ–º,469,100
7,3,T,71,÷çPuri÷ç,100,469
6,3,T,34,janjebemajke,134,500
8,3,CT,26,Elfo,500,227
9,3,T,0,Jol1y,132,468
9,3,CT,0,Daredevil,468,132
9,3,CT,0,Anime –Ω–∞ –∞–≤–µ,468,132
8,3,T,27,2kilo ziemniakow,227,500
8,3,T,145,‚≠ï‚É§GerarHB9‚òÅ,227,500
8,3,CT,325,qLethal,500,227
9,3,CT,0,99 problems,468,132
8,3,CT,0,OldManTouchy,500,227
8,3,T,0,Midgar_7,227,500
8,3,CT,0,Luci,500,227
8,3,T,55,LaMasse,227,500
8,3,CT,149,Ichigo Kurosaki,500,227
8,3,T,0,Pix,227,500
17,4,CT,100,Skynet.tns,500,86
17,4,T,0,Pix,86,500
17,4,T,22,Marco_0ne,86,500
17,4,T,0,LaMasse,86,500
17,4,CT,100,JsN,500,86
16,4,CT,34,saƒü elimde fal√ßata solda 70lik,339,470
17,4,CT,88,Alexa_ae | sex haver,500,86
17,4,T,64,-ScofieLd,86,500
16,4,T,100,xlw,470,339
16,4,CT,27,xfl0ud,339,470
16,4,CT,131,vikingar,339,470
19,4,T,99,LaMasse,434,358
17,4,CT,55,DoNeVu,500,86
17,4,T,0,Ulicni_hodac,86,500
18,4,CT,0,Tyreu,16,500
18,4,CT,0,.trnX,16,500
18,4,T,193,LaMasse,500,16
18,4,T,0,Pix,500,16
18,4,CT,0,Real1zm,16,500
18,4,CT,0,Timororis,16,500
18,4,T,0,_S√°bio_,500,16
18,4,T,100,_lincoln_,500,16
18,4,CT,16,bytaN,16,500
18,4,T,207,‚≠êÔ∏è‚≠êÔ∏èBOT CompaQ‚≠êÔ∏è‚≠ê,500,16
19,4,T,161,AlexWolf,434,358
19,4,T,1,AllAbS,434,358
19,4,CT,100,L e G e n D a,358,434
16,4,CT,121,Yukichi Tsumura,339,470
17,4,CT,157,djem,500,86
16,4,T,43,TZANCA URAGANU,470,339
14,4,T,0,sexy eis mit sahne,156,426
16,4,T,209,LaMasse,470,339
19,4,CT,100,Norish,358,434
13,4,T,0,Pix,400,200
13,4,CT,0,Po 4:20,200,400
13,4,CT,58,beer,200,400
13,4,CT,107,siemka,200,400
13,4,T,122,–û–ª–ï–ì—Ö,400,200
13,4,T,78,–≠—Ä–∏–∫ –ë–æ–ª—Ç,400,200
13,4,T,82,—Å–æ–ª–∏_—Å–ø–∞–π—Å—ã,400,200
14,4,T,56,*illi*,156,426
14,4,CT,27,Daredevil,426,156
14,4,CT,137,Heli[ver],426,156
14,4,CT,80,LaMasse,426,156
14,4,CT,180,Pix,426,156
14,4,T,0,RushHard F.,156,426
14,4,T,100,SKILL_IST LOST( f1 ),156,426
14,4,CT,102,alvarostia24,426,156
14,4,T,0,sv_aim_1,156,426
15,4,T,134,Banita.exe,473,478
15,4,T,0,Ereaway,473,478
15,4,T,187,GlamourX,473,478
15,4,T,88,Kerberos,473,478
15,4,CT,132,LaMasse,478,473
15,4,T,64,Mi≈õ Kolaborant,473,478
15,4,CT,67,Mr . Vik,478,473
15,4,CT,100,Pix,478,473
15,4,CT,82,nerushimav,478,473
15,4,CT,97,ùïÑùï†ùï§ùïñùï§,478,473
16,4,CT,26,999,339,470
16,4,T,52,Daredevil,470,339
16,4,T,66,Pix,470,339
19,4,T,100,STOP‰∫ó -TAISM-,434,358
13,4,CT,0,Neisonas,200,400
19,4,CT,58,puckoshark,358,434
23,4,CT,100,ARTO..,236,461
23,4,CT,36,Counterinski,236,461
23,4,CT,0,FuN,236,461
23,4,T,100,LaMasse,461,236
23,4,CT,100,My≈°√°k,236,461
23,4,T,75,Peppy,461,236
23,4,T,100,lil jeep,461,236
23,4,CT,0,szilopapa,236,461
23,4,T,40,”æ”æ”æ,461,236
24,4,T,100,CrossFitJannE,226,500
24,4,CT,51,KubeQ,500,226
24,4,T,0,LaMasse,226,500
24,4,T,100,Linus,226,500
24,4,T,26,Meik√§ poika,226,500
24,4,CT,97,Pingwinator,500,226
24,4,T,0,Pix,226,500
24,4,CT,0,cutie,500,226
24,4,CT,232,is that a supra?,500,226
24,4,CT,120,ok hand,500,226
25,4,CT,105,LaMasse,500,378
25,4,T,0,ONE,378,500
25,4,T,200,PLUXURY SPORT <3,378,500
25,4,CT,41,Paddy Cooper,500,378
25,4,T,33,Robert,378,500
25,4,T,54,Sirius Black,378,500
25,4,CT,54,WoRlD,500,378
25,4,CT,100,mohammed alhaboobi,500,378
25,4,T,91,sh1zey,378,500
25,4,CT,200,‚òú‚òÜ‚òû ddie ‚òú‚òÜ‚òû,500,378
23,4,T,146,911-,461,236
19,4,T,73,hcaktuna,434,358
22,4,T,225,sk0rp,300,500
22,4,T,0,bL(*+*)K ^,300,500
19,4,CT,0,sMiley,358,434
19,4,CT,100,simoN,358,434
20,4,T,3,CiufyX*,3,500
20,4,T,0,ElegyEllem,3,500
20,4,T,0,Eusebio Sausage,3,500
20,4,T,0,LaMasse,3,500
20,4,CT,95,RASTADANIK,500,3
20,4,CT,255,c–ª—É—á–∞–π–Ω–æ,500,3
20,4,CT,50,gbba,500,3
20,4,T,0,husky,3,500
20,4,CT,0,k1bu,500,3
20,4,CT,100,–ó–∞–¶–µ–ù–∏_116Rus,500,3
21,4,CT,25,?Zimmer 6_Raisen.CS.Money,225,500
21,4,CT,0,Bongo,225,500
21,4,T,100,Fr3e,500,225
21,4,T,61,Kosta,500,225
21,4,T,13,LaMasse,500,225
21,4,CT,0,Mr. Worldwide (‚åê‚ñ†_‚ñ†),225,500
21,4,CT,100,Stanley,225,500
21,4,CT,100,TFusi0n,225,500
21,4,T,34,aKIA,500,225
21,4,T,292,weeeeee,500,225
22,4,T,0,GlobaL!peeK,300,500
22,4,CT,100,Golgotho,500,300
22,4,CT,110,LaMasse,500,300
22,4,T,0,Max15Craft,300,500
22,4,CT,100,Pix,500,300
22,4,CT,82,Pixels,500,300
22,4,T,75,Warning! ‚ò¢,300,500
22,4,CT,108,josebadecarglass,500,300
13,4,CT,35,NO-trade,200,400
6,4,CT,200,Daredevil,415,521
12,4,CT,158,·†åproland,426,440
3,4,CT,0,Midgar_7,500,390
3,4,CT,212,Pix,500,390
3,4,CT,21,Squirt for me?,500,390
3,4,CT,88,TACOS,500,390
3,4,T,101,cocaine shawty,390,500
3,4,T,62,fatument,390,500
4,4,T,64,-ScofieLd,86,500
4,4,CT,88,Alexa_ae | sex haver,500,86
4,4,CT,55,DoNeVu,500,86
4,4,CT,100,JsN,500,86
4,4,T,0,LaMasse,86,500
4,4,T,22,Marco_0ne,86,500
4,4,T,0,Pix,86,500
3,4,CT,179,LaMasse,500,390
4,4,CT,100,Skynet.tns,500,86
4,4,CT,157,djem,500,86
5,4,CT,0,.trnX,16,500
5,4,T,193,LaMasse,500,16
5,4,T,0,Pix,500,16
5,4,CT,0,Real1zm,16,500
5,4,CT,0,Timororis,16,500
5,4,CT,0,Tyreu,16,500
5,4,T,0,_S√°bio_,500,16
5,4,T,100,_lincoln_,500,16
5,4,CT,16,bytaN,16,500
5,4,T,207,‚≠êÔ∏è‚≠êÔ∏èBOT CompaQ‚≠êÔ∏è‚≠ê,500,16
13,4,T,118,LaMasse,400,200
6,4,T,100,KreizySofric,521,415
4,4,T,0,Ulicni_hodac,86,500
3,4,T,227,LE C,390,500
3,4,T,0,Golden Patrone,390,500
3,4,T,0,Bing Chilling,390,500
0,4,CT,200,LaMasse,468,251
0,4,T,200,MooN,251,468
0,4,CT,88,Pix,468,251
0,4,CT,135,SibirskiPlavac,468,251
0,4,T,0,Super Kobe,251,468
0,4,T,0,Super Mongo,251,468
0,4,T,0,Super gayzolas,251,468
0,4,T,51,Super linda,251,468
0,4,CT,26,TACOS,468,251
1,4,T,34,ARRRRRRRRR,199,457
1,4,T,146,D22,199,457
1,4,T,12,Dr. Carry,199,457
1,4,T,0,HardChiller,199,457
1,4,CT,136,LaMasse,457,199
1,4,CT,0,MAREGA,457,199
1,4,CT,100,Montanelas ( Õ°¬∞ Õú ñ Õ°,457,199
1,4,CT,157,Pix,457,199
1,4,CT,64,TACOS,457,199
1,4,T,7,Tomkos,199,457
2,4,T,100,Beetlejuice,300,495
2,4,CT,0,Folcatus,495,300
2,4,T,9,KONDZIU,300,495
2,4,T,158,LaMasse,300,495
2,4,CT,126,Silverino,495,300
2,4,CT,273,broski,495,300
2,4,CT,29,kiko,495,300
2,4,T,0,–ê–™–™–ê,300,495
2,4,T,33,–≠–¢–û–¢ –Æ–†–ï–¶,300,495
2,4,CT,67,–±–ª–µ–±–µ—Ä—Ç,495,300
6,4,CT,27,"L'ahuri, bi√®re en main",415,521
6,4,CT,92,LaMasse,415,521
0,4,CT,19,ARRRRRRRRR,468,251
6,4,T,171,janjebemajke,521,415
10,4,T,0,1rs1n,100,400
10,4,T,100,AIR,100,400
10,4,T,0,Dan,100,400
10,4,CT,0,Daredevil,400,100
10,4,T,0,Knur ;3,100,400
10,4,CT,223,LaMasse,400,100
10,4,CT,63,Pix,400,100
10,4,CT,89,diki,400,100
10,4,CT,25,ltglenn2,400,100
11,4,CT,22,Battledrone,500,203
11,4,T,91,Daredevil,203,500
11,4,CT,100,Jennykla,500,203
11,4,T,0,Lapland,203,500
9,4,T,0,ÂÖàËº©S”ò…≥œÅaœäÂÖàËº©,152,400
11,4,CT,100,Xantho,500,203
11,4,CT,78,xNexT9,500,203
11,4,CT,200,‚ú™ Betchy,500,203
11,4,T,50,„Ç£ÁßëToxic GhoulÁßë„Ç£,203,500
12,4,CT,182,CO√ëITO 2.0,426,440
12,4,CT,60,Daredevil,426,440
12,4,T,224,GUGU≈ö,440,426
12,4,T,141,ICE MAKER,440,426
12,4,CT,26,LaMasse,426,440
12,4,T,26,Old Vack,440,426
12,4,T,49,PenisBrno,440,426
12,4,T,0,g1mple,440,426
12,4,CT,0,zadymka,426,440
6,4,CT,96,Pix,415,521
11,4,T,62,ferwbal,203,500
9,4,T,0,–í–ª–∞–¥ –Ø—Ä–æ–≤–æ–π,152,400
11,4,T,0,LaMasse,203,500
9,4,T,52,huskies,152,400
9,4,T,100,–ê–ù–¢–û–ù –Æ–†–¨–ï–í–ò–ß,152,400
6,4,T,0,lovro,521,415
6,4,T,33,mihac,521,415
6,4,CT,0,—Å–µ–≥–æ–¥–Ω—è –æ—Ç–¥—ã—Ö–∞—é,415,521
7,4,CT,16,AHOUUU WAOUF WAOUF,395,500
7,4,T,27,"Boris""Nemlow""V",500,395
7,4,CT,68,Daredevil,395,500
7,4,T,100,Dzerteur,500,395
7,4,T,165,GuiiZ#,500,395
7,4,CT,284,Pix,0,0
7,4,T,0,Seb‚ú™Z,500,395
7,4,CT,27,–ì–Ω–æ–º,395,500
7,4,T,208,÷çPuri÷ç,500,395
8,4,T,116,2kilo ziemniakow,479,310
7,4,CT,0,Midgar_7,395,500
6,4,T,217,jure,521,415
9,4,CT,50,Pix,400,152
8,4,CT,10,Elfo,310,479
9,4,CT,250,Daredevil,400,152
9,4,CT,100,Anime –Ω–∞ –∞–≤–µ,400,152
9,4,CT,0,99 problems,400,152
8,4,T,0,‚≠ï‚É§GerarHB9‚òÅ,479,310
8,4,CT,200,qLethal,310,479
9,4,CT,0,LaMasse,400,152
8,4,CT,100,OldManTouchy,310,479
8,4,T,51,Midgar_7,479,310
8,4,CT,0,Luci,310,479
8,4,T,279,LaMasse,479,310
8,4,CT,0,Ichigo Kurosaki,310,479
8,4,T,33,Pix,479,310
17,5,CT,141,Skynet.tns,500,380
17,5,T,63,Pix,380,500
17,5,T,100,Marco_0ne,380,500
17,5,T,217,LaMasse,380,500
17,5,CT,78,JsN,500,380
17,5,T,0,-ScofieLd,380,500
17,5,CT,0,Alexa_ae | sex haver,500,380
16,5,T,81,xlw,400,160
16,5,CT,89,xfl0ud,160,400
16,5,CT,0,vikingar,160,400
17,5,T,0,Ulicni_hodac,380,500
17,5,CT,148,DoNeVu,500,380
17,5,CT,133,djem,500,380
19,5,CT,22,Norish,322,500
18,5,T,187,LaMasse,500,450
18,5,T,100,Pix,500,450
18,5,CT,0,Real1zm,450,500
18,5,CT,0,Timororis,450,500
18,5,CT,52,Tyreu,450,500
18,5,T,26,_S√°bio_,500,450
18,5,T,13,_lincoln_,500,450
18,5,CT,121,bytaN,450,500
18,5,T,174,‚≠êÔ∏è‚≠êÔ∏èBOT CompaQ‚≠êÔ∏è‚≠ê,500,450
19,5,T,52,AlexWolf,500,322
19,5,T,83,AllAbS,500,322
19,5,CT,0,L e G e n D a,322,500
19,5,T,200,LaMasse,500,322
16,5,CT,0,saƒü elimde fal√ßata solda 70lik,160,400
18,5,CT,277,.trnX,450,500
16,5,CT,71,Yukichi Tsumura,160,400
13,5,CT,59,Po 4:20,432,100
16,5,T,0,Pix,400,160
19,5,T,0,STOP‰∫ó -TAISM-,500,322
13,5,CT,0,beer,432,100
13,5,CT,173,siemka,432,100
13,5,T,0,–û–ª–ï–ì—Ö,100,432
13,5,T,0,–≠—Ä–∏–∫ –ë–æ–ª—Ç,100,432
13,5,T,0,—Å–æ–ª–∏_—Å–ø–∞–π—Å—ã,100,432
14,5,T,0,*illi*,500,440
14,5,CT,96,Daredevil,440,500
14,5,CT,103,Heli[ver],440,500
14,5,CT,26,LaMasse,440,500
14,5,CT,27,Pix,440,500
14,5,T,100,RushHard F.,500,440
14,5,T,4,SKILL_IST LOST( f1 ),500,440
14,5,CT,88,alvarostia24,440,500
14,5,T,200,sexy eis mit sahne,500,440
14,5,T,196,sv_aim_1,500,440
15,5,T,0,Banita.exe,445,500
15,5,T,74,Ereaway,445,500
15,5,T,144,GlamourX,445,500
15,5,T,201,Kerberos,445,500
15,5,CT,138,LaMasse,500,445
15,5,T,26,Mi≈õ Kolaborant,445,500
15,5,CT,87,Mr . Vik,500,445
15,5,CT,83,Pix,500,445
15,5,CT,192,nerushimav,500,445
15,5,CT,0,ùïÑùï†ùï§ùïñùï§,500,445
16,5,CT,0,999,160,400
16,5,T,58,Daredevil,400,160
16,5,T,161,LaMasse,400,160
16,5,T,100,TZANCA URAGANU,400,160
19,5,T,165,hcaktuna,500,322
22,5,T,100,bL(*+*)K ^,215,500
19,5,CT,0,sMiley,322,500
23,5,CT,56,FuN,326,500
23,5,T,100,LaMasse,500,326
23,5,CT,0,My≈°√°k,326,500
23,5,T,200,Peppy,500,326
23,5,T,0,lil jeep,500,326
23,5,CT,96,szilopapa,326,500
23,5,T,0,”æ”æ”æ,500,326
24,5,T,83,CrossFitJannE,393,470
24,5,CT,0,KubeQ,470,393
24,5,T,43,LaMasse,393,470
24,5,T,126,Linus,393,470
24,5,T,93,Meik√§ poika,393,470
24,5,CT,172,Pingwinator,470,393
23,5,CT,74,Counterinski,326,500
24,5,T,48,Pix,393,470
24,5,CT,66,is that a supra?,470,393
24,5,CT,101,ok hand,470,393
25,5,CT,100,LaMasse,425,426
25,5,T,0,ONE,426,425
25,5,T,0,PLUXURY SPORT <3,426,425
25,5,CT,25,Paddy Cooper,425,426
25,5,T,0,Robert,426,425
25,5,T,400,Sirius Black,426,425
25,5,CT,0,WoRlD,425,426
25,5,CT,200,mohammed alhaboobi,425,426
25,5,T,93,sh1zey,426,425
25,5,CT,100,‚òú‚òÜ‚òû ddie ‚òú‚òÜ‚òû,425,426
13,5,T,100,Pix,100,432
24,5,CT,131,cutie,470,393
23,5,CT,100,ARTO..,326,500
23,5,T,200,911-,500,326
22,5,T,27,sk0rp,215,500
19,5,CT,109,simoN,322,500
20,5,T,46,CiufyX*,200,500
20,5,T,0,ElegyEllem,200,500
20,5,T,0,Eusebio Sausage,200,500
20,5,T,154,LaMasse,200,500
20,5,CT,132,RASTADANIK,500,200
20,5,CT,168,c–ª—É—á–∞–π–Ω–æ,500,200
20,5,CT,99,gbba,500,200
20,5,T,0,husky,200,500
20,5,CT,51,k1bu,500,200
20,5,CT,50,–ó–∞–¶–µ–ù–∏_116Rus,500,200
21,5,CT,0,?Zimmer 6_Raisen.CS.Money,500,179
21,5,CT,1,Bongo,500,179
21,5,T,0,Fr3e,179,500
21,5,T,26,Kosta,179,500
21,5,T,0,LaMasse,179,500
21,5,CT,199,Mr. Worldwide (‚åê‚ñ†_‚ñ†),500,179
21,5,CT,4,Stanley,500,179
21,5,CT,296,TFusi0n,500,179
21,5,T,25,aKIA,179,500
21,5,T,128,weeeeee,179,500
22,5,T,61,GlobaL!peeK,215,500
22,5,CT,0,Golgotho,500,215
22,5,CT,200,LaMasse,500,215
22,5,T,0,Max15Craft,215,500
22,5,CT,0,Pix,500,215
22,5,CT,170,Pixels,500,215
22,5,T,27,Warning! ‚ò¢,215,500
22,5,CT,130,josebadecarglass,500,215
19,5,CT,191,puckoshark,322,500
13,5,CT,200,Neisonas,432,100
13,5,CT,0,NO-trade,432,100
0,5,CT,276,ARRRRRRRRR,472,500
3,5,CT,288,Midgar_7,500,253
3,5,CT,99,Pix,500,253
3,5,CT,110,Squirt for me?,500,253
3,5,CT,0,TACOS,500,253
3,5,T,35,cocaine shawty,253,500
3,5,T,0,fatument,253,500
4,5,T,0,-ScofieLd,380,500
4,5,CT,0,Alexa_ae | sex haver,500,380
4,5,CT,148,DoNeVu,500,380
4,5,CT,78,JsN,500,380
4,5,T,217,LaMasse,380,500
4,5,T,100,Marco_0ne,380,500
4,5,T,63,Pix,380,500
3,5,T,0,LE C,253,500
4,5,CT,141,Skynet.tns,500,380
4,5,CT,133,djem,500,380
5,5,CT,277,.trnX,450,500
5,5,T,187,LaMasse,500,450
5,5,T,100,Pix,500,450
5,5,CT,0,Real1zm,450,500
5,5,CT,0,Timororis,450,500
5,5,CT,52,Tyreu,450,500
5,5,T,26,_S√°bio_,500,450
5,5,T,13,_lincoln_,500,450
5,5,CT,121,bytaN,450,500
5,5,T,174,‚≠êÔ∏è‚≠êÔ∏èBOT CompaQ‚≠êÔ∏è‚≠ê,500,450
6,5,CT,45,Daredevil,319,482
6,5,T,10,KreizySofric,482,319
4,5,T,0,Ulicni_hodac,380,500
3,5,T,0,Golden Patrone,253,500
3,5,T,218,Bing Chilling,253,500
2,5,CT,101,–±–ª–µ–±–µ—Ä—Ç,499,227
13,5,T,0,LaMasse,100,432
0,5,CT,67,LaMasse,472,500
0,5,T,0,MooN,500,472
0,5,CT,1,Pix,472,500
0,5,CT,96,SibirskiPlavac,472,500
0,5,T,220,Super Kobe,500,472
0,5,T,187,Super Mongo,500,472
0,5,T,0,Super gayzolas,500,472
0,5,T,93,Super linda,500,472
0,5,CT,32,TACOS,472,500
1,5,T,33,ARRRRRRRRR,258,473
1,5,T,125,D22,258,473
1,5,T,100,Dr. Carry,258,473
1,5,T,0,HardChiller,258,473
1,5,CT,94,LaMasse,473,258
1,5,CT,201,MAREGA,473,258
1,5,CT,0,Montanelas ( Õ°¬∞ Õú ñ Õ°,473,258
1,5,CT,78,Pix,473,258
1,5,CT,100,TACOS,473,258
1,5,T,0,Tomkos,258,473
2,5,T,0,Beetlejuice,227,499
2,5,CT,25,Folcatus,499,227
2,5,T,27,KONDZIU,227,499
2,5,T,0,LaMasse,227,499
2,5,CT,273,Silverino,499,227
2,5,CT,100,broski,499,227
2,5,CT,0,kiko,499,227
2,5,T,200,–ê–™–™–ê,227,499
2,5,T,0,–≠–¢–û–¢ –Æ–†–ï–¶,227,499
6,5,CT,32,"L'ahuri, bi√®re en main",319,482
6,5,CT,117,LaMasse,319,482
3,5,CT,3,LaMasse,500,253
6,5,T,128,janjebemajke,482,319
10,5,T,132,1rs1n,300,400
10,5,T,91,AIR,300,400
10,5,T,77,Dan,300,400
10,5,CT,0,Daredevil,400,300
10,5,T,0,Knur ;3,300,400
10,5,CT,78,LaMasse,400,300
10,5,CT,103,Pix,400,300
10,5,CT,100,diki,400,300
10,5,CT,119,ltglenn2,400,300
11,5,CT,41,Battledrone,500,394
11,5,T,28,Daredevil,394,500
11,5,CT,61,Jennykla,500,394
11,5,T,0,LaMasse,394,500
11,5,T,0,Lapland,394,500
11,5,CT,130,Xantho,500,394
11,5,T,266,ferwbal,394,500
11,5,CT,0,xNexT9,500,394
11,5,CT,268,‚ú™ Betchy,500,394
11,5,T,100,„Ç£ÁßëToxic GhoulÁßë„Ç£,394,500
12,5,CT,0,CO√ëITO 2.0,299,101
12,5,CT,0,Daredevil,299,101
12,5,T,0,GUGU≈ö,101,299
12,5,T,100,ICE MAKER,101,299
12,5,CT,100,LaMasse,299,101
12,5,T,0,Old Vack,101,299
12,5,T,1,PenisBrno,101,299
12,5,T,0,g1mple,101,299
12,5,CT,86,zadymka,299,101
6,5,CT,102,Pix,319,482
9,5,T,0,ÂÖàËº©S”ò…≥œÅaœäÂÖàËº©,0,400
9,5,T,0,–í–ª–∞–¥ –Ø—Ä–æ–≤–æ–π,0,400
12,5,CT,113,·†åproland,299,101
9,5,T,0,huskies,0,400
9,5,T,0,–ê–ù–¢–û–ù –Æ–†–¨–ï–í–ò–ß,0,400
6,5,T,127,lovro,482,319
6,5,T,144,mihac,482,319
6,5,CT,23,—Å–µ–≥–æ–¥–Ω—è –æ—Ç–¥—ã—Ö–∞—é,319,482
7,5,CT,296,AHOUUU WAOUF WAOUF,500,200
7,5,T,200,"Boris""Nemlow""V",200,500
7,5,CT,28,Daredevil,500,200
7,5,T,0,Dzerteur,200,500
7,5,T,0,GuiiZ#,200,500
7,5,CT,14,Midgar_7,500,200
7,5,CT,162,Pix,500,200
7,5,T,0,Seb‚ú™Z,200,500
7,5,CT,0,–ì–Ω–æ–º,500,200
7,5,T,0,÷çPuri÷ç,200,500
8,5,T,212,2kilo ziemniakow,339,500
6,5,T,73,jure,482,319
8,5,CT,0,Ichigo Kurosaki,500,339
9,5,CT,164,Pix,400,0
9,5,CT,236,LaMasse,400,0
9,5,CT,0,Daredevil,400,0
8,5,CT,23,Elfo,500,339
9,5,CT,0,99 problems,400,0
8,5,T,0,‚≠ï‚É§GerarHB9‚òÅ,339,500
9,5,CT,0,Anime –Ω–∞ –∞–≤–µ,400,0
8,5,T,0,Pix,339,500
8,5,CT,197,OldManTouchy,500,339
8,5,T,127,Midgar_7,339,500
8,5,CT,200,Luci,500,339
8,5,T,0,LaMasse,339,500
8,5,CT,80,qLethal,500,339
17,6,CT,15,Skynet.tns,257,500
17,6,T,100,Pix,500,257
17,6,T,100,Marco_0ne,500,257
17,6,T,200,LaMasse,500,257
17,6,CT,58,JsN,257,500
16,6,CT,42,saƒü elimde fal√ßata solda 70lik,211,500
17,6,CT,101,Alexa_ae | sex haver,257,500
17,6,T,100,-ScofieLd,500,257
16,6,T,52,xlw,500,211
16,6,CT,69,xfl0ud,211,500
16,6,CT,100,vikingar,211,500
19,6,T,165,LaMasse,500,429
17,6,CT,83,DoNeVu,257,500
17,6,T,0,Ulicni_hodac,500,257
18,6,CT,71,Tyreu,392,500
18,6,CT,171,.trnX,392,500
18,6,T,100,LaMasse,500,392
18,6,T,0,Pix,500,392
18,6,CT,0,Real1zm,392,500
18,6,CT,47,Timororis,392,500
18,6,T,39,_S√°bio_,500,392
18,6,T,115,_lincoln_,500,392
18,6,CT,103,bytaN,392,500
18,6,T,246,‚≠êÔ∏è‚≠êÔ∏èBOT CompaQ‚≠êÔ∏è‚≠ê,500,392
19,6,T,35,AlexWolf,500,429
19,6,T,100,AllAbS,500,429
19,6,CT,48,L e G e n D a,429,500
16,6,CT,0,Yukichi Tsumura,211,500
17,6,CT,0,djem,257,500
16,6,T,151,TZANCA URAGANU,500,211
14,6,T,100,sexy eis mit sahne,343,500
16,6,T,32,LaMasse,500,211
19,6,CT,44,Norish,429,500
13,6,T,15,Pix,394,500
13,6,CT,0,Po 4:20,500,394
13,6,CT,200,beer,500,394
13,6,CT,100,siemka,500,394
13,6,T,85,–û–ª–ï–ì—Ö,394,500
13,6,T,217,–≠—Ä–∏–∫ –ë–æ–ª—Ç,394,500
13,6,T,0,—Å–æ–ª–∏_—Å–ø–∞–π—Å—ã,394,500
14,6,T,48,*illi*,343,500
14,6,CT,0,Daredevil,500,343
14,6,CT,48,Heli[ver],500,343
14,6,CT,210,LaMasse,500,343
14,6,CT,168,Pix,500,343
14,6,T,5,RushHard F.,343,500
14,6,T,0,SKILL_IST LOST( f1 ),343,500
14,6,CT,74,alvarostia24,500,343
14,6,T,190,sv_aim_1,343,500
15,6,T,0,Banita.exe,200,500
15,6,T,0,Ereaway,200,500
15,6,T,157,GlamourX,200,500
15,6,T,43,Kerberos,200,500
15,6,CT,176,LaMasse,500,200
15,6,T,0,Mi≈õ Kolaborant,200,500
15,6,CT,100,Mr . Vik,500,200
15,6,CT,100,Pix,500,200
15,6,CT,24,nerushimav,500,200
15,6,CT,100,ùïÑùï†ùï§ùïñùï§,500,200
16,6,CT,0,999,211,500
16,6,T,148,Daredevil,500,211
16,6,T,117,Pix,500,211
19,6,T,133,STOP‰∫ó -TAISM-,500,429
13,6,CT,200,Neisonas,500,394
19,6,CT,134,puckoshark,429,500
23,6,CT,0,ARTO..,139,500
23,6,CT,39,Counterinski,139,500
23,6,CT,100,FuN,139,500
23,6,T,56,LaMasse,500,139
23,6,CT,0,My≈°√°k,139,500
23,6,T,163,Peppy,500,139
23,6,T,100,lil jeep,500,139
23,6,CT,0,szilopapa,139,500
23,6,T,181,”æ”æ”æ,500,139
24,6,T,80,CrossFitJannE,500,452
24,6,CT,1,KubeQ,452,500
24,6,T,420,LaMasse,500,452
24,6,T,0,Linus,500,452
24,6,T,0,Meik√§ poika,500,452
24,6,CT,151,Pingwinator,452,500
24,6,T,0,Pix,500,452
24,6,CT,100,cutie,452,500
24,6,CT,135,is that a supra?,452,500
24,6,CT,65,ok hand,452,500
25,6,CT,72,LaMasse,500,504
25,6,T,86,ONE,504,500
25,6,T,351,PLUXURY SPORT <3,504,500
25,6,CT,200,Paddy Cooper,500,504
25,6,T,0,Robert,504,500
25,6,T,0,Sirius Black,504,500
25,6,CT,0,WoRlD,500,504
25,6,CT,100,mohammed alhaboobi,500,504
25,6,T,0,sh1zey,504,500
25,6,CT,128,‚òú‚òÜ‚òû ddie ‚òú‚òÜ‚òû,500,504
23,6,T,0,911-,500,139
19,6,T,67,hcaktuna,500,429
22,6,T,80,sk0rp,457,500
22,6,T,200,bL(*+*)K ^,457,500
19,6,CT,159,sMiley,429,500
19,6,CT,44,simoN,429,500
20,6,T,0,CiufyX*,500,377
20,6,T,231,ElegyEllem,500,377
20,6,T,200,Eusebio Sausage,500,377
20,6,T,0,LaMasse,500,377
20,6,CT,137,RASTADANIK,377,500
20,6,CT,100,c–ª—É—á–∞–π–Ω–æ,377,500
20,6,CT,96,gbba,377,500
20,6,T,69,husky,500,377
20,6,CT,44,k1bu,377,500
20,6,CT,0,–ó–∞–¶–µ–ù–∏_116Rus,377,500
21,6,CT,0,?Zimmer 6_Raisen.CS.Money,174,410
21,6,CT,0,Bongo,174,410
21,6,T,125,Fr3e,410,174
21,6,T,107,Kosta,410,174
21,6,T,50,LaMasse,410,174
21,6,CT,16,Mr. Worldwide (‚åê‚ñ†_‚ñ†),174,410
21,6,CT,158,Stanley,174,410
21,6,CT,0,TFusi0n,174,410
21,6,T,128,aKIA,410,174
21,6,T,0,weeeeee,410,174
22,6,T,44,GlobaL!peeK,457,500
22,6,CT,0,Golgotho,500,457
22,6,CT,135,LaMasse,500,457
22,6,T,26,Max15Craft,457,500
22,6,CT,0,Pix,500,457
22,6,CT,73,Pixels,500,457
22,6,T,107,Warning! ‚ò¢,457,500
22,6,CT,292,josebadecarglass,500,457
13,6,CT,0,NO-trade,500,394
0,6,CT,0,ARRRRRRRRR,344,72
12,6,CT,0,·†åproland,309,500
3,6,CT,100,Midgar_7,500,254
3,6,CT,100,Pix,500,254
3,6,CT,147,Squirt for me?,500,254
3,6,CT,53,TACOS,500,254
3,6,T,100,cocaine shawty,254,500
3,6,T,154,fatument,254,500
4,6,T,100,-ScofieLd,500,257
4,6,CT,101,Alexa_ae | sex haver,257,500
4,6,CT,83,DoNeVu,257,500
4,6,CT,58,JsN,257,500
4,6,T,200,LaMasse,500,257
4,6,T,100,Marco_0ne,500,257
4,6,T,100,Pix,500,257
3,6,CT,100,LaMasse,500,254
4,6,CT,15,Skynet.tns,257,500
4,6,CT,0,djem,257,500
5,6,CT,171,.trnX,392,500
5,6,T,100,LaMasse,500,392
5,6,T,0,Pix,500,392
5,6,CT,0,Real1zm,392,500
5,6,CT,47,Timororis,392,500
5,6,CT,71,Tyreu,392,500
5,6,T,39,_S√°bio_,500,392
5,6,T,115,_lincoln_,500,392
5,6,CT,103,bytaN,392,500
5,6,T,246,‚≠êÔ∏è‚≠êÔ∏èBOT CompaQ‚≠êÔ∏è‚≠ê,500,392
6,6,CT,92,Daredevil,500,428
6,6,T,73,KreizySofric,428,500
4,6,T,0,Ulicni_hodac,500,257
3,6,T,0,Golden Patrone,254,500
3,6,T,0,Bing Chilling,254,500
2,6,CT,200,–±–ª–µ–±–µ—Ä—Ç,500,358
13,6,T,77,LaMasse,394,500
0,6,CT,151,LaMasse,344,72
0,6,T,0,MooN,72,344
0,6,CT,140,Pix,344,72
0,6,CT,0,SibirskiPlavac,344,72
0,6,T,72,Super Kobe,72,344
0,6,T,0,Super Mongo,72,344
0,6,T,0,Super gayzolas,72,344
0,6,T,0,Super linda,72,344
0,6,CT,53,TACOS,344,72
1,6,T,22,ARRRRRRRRR,204,455
1,6,T,99,D22,204,455
1,6,T,5,Dr. Carry,204,455
1,6,T,78,HardChiller,204,455
1,6,CT,74,LaMasse,455,204
1,6,CT,113,MAREGA,455,204
1,6,CT,81,Montanelas ( Õ°¬∞ Õú ñ Õ°,455,204
1,6,CT,0,Pix,455,204
1,6,CT,187,TACOS,455,204
1,6,T,0,Tomkos,204,455
2,6,T,257,Beetlejuice,358,500
2,6,CT,0,Folcatus,500,358
2,6,T,26,KONDZIU,358,500
2,6,T,0,LaMasse,358,500
2,6,CT,167,Silverino,500,358
2,6,CT,49,broski,500,358
2,6,CT,84,kiko,500,358
2,6,T,75,–ê–™–™–ê,358,500
2,6,T,0,–≠–¢–û–¢ –Æ–†–ï–¶,358,500
6,6,CT,85,"L'ahuri, bi√®re en main",500,428
6,6,CT,413,LaMasse,500,428
3,6,T,0,LE C,254,500
6,6,T,140,janjebemajke,428,500
9,6,T,73,ÂÖàËº©S”ò…≥œÅaœäÂÖàËº©,313,400
10,6,T,126,1rs1n,326,384
10,6,T,0,AIR,326,384
10,6,T,100,Dan,326,384
10,6,CT,0,Daredevil,384,326
10,6,T,100,Knur ;3,326,384
10,6,CT,53,LaMasse,384,326
10,6,CT,266,Pix,384,326
10,6,CT,65,diki,384,326
10,6,CT,0,ltglenn2,384,326
11,6,CT,91,Battledrone,412,334
11,6,T,46,Daredevil,334,412
11,6,T,0,LaMasse,334,412
11,6,T,143,Lapland,334,412
11,6,CT,20,Xantho,412,334
11,6,T,124,ferwbal,334,412
11,6,CT,218,xNexT9,412,334
11,6,CT,13,‚ú™ Betchy,412,334
11,6,T,21,„Ç£ÁßëToxic GhoulÁßë„Ç£,334,412
12,6,CT,0,CO√ëITO 2.0,309,500
12,6,CT,0,Daredevil,309,500
12,6,T,0,GUGU≈ö,500,309
12,6,T,0,ICE MAKER,500,309
12,6,CT,109,LaMasse,309,500
12,6,T,83,Old Vack,500,309
12,6,T,17,PenisBrno,500,309
12,6,T,400,g1mple,500,309
6,6,CT,177,Pix,500,428
12,6,CT,200,zadymka,309,500
9,6,T,27,–í–ª–∞–¥ –Ø—Ä–æ–≤–æ–π,313,400
9,6,T,86,–ê–ù–¢–û–ù –Æ–†–¨–ï–í–ò–ß,313,400
11,6,CT,70,Jennykla,412,334
6,6,T,71,lovro,428,500
6,6,T,140,jure,428,500
9,6,T,127,huskies,313,400
6,6,T,263,mihac,428,500
6,6,CT,233,—Å–µ–≥–æ–¥–Ω—è –æ—Ç–¥—ã—Ö–∞—é,500,428
7,6,CT,287,AHOUUU WAOUF WAOUF,500,429
7,6,T,284,"Boris""Nemlow""V",429,500
7,6,CT,0,Daredevil,500,429
7,6,T,92,Dzerteur,429,500
7,6,T,53,GuiiZ#,429,500
7,6,CT,13,Pix,500,429
7,6,T,0,Seb‚ú™Z,429,500
7,6,CT,103,–ì–Ω–æ–º,500,429
7,6,T,0,÷çPuri÷ç,429,500
8,6,T,46,2kilo ziemniakow,276,500
7,6,CT,97,Midgar_7,500,429
8,6,CT,100,Ichigo Kurosaki,500,276
9,6,CT,100,Pix,400,313
8,6,CT,27,Elfo,500,276
9,6,CT,40,Daredevil,400,313
9,6,CT,0,Anime –Ω–∞ –∞–≤–µ,400,313
9,6,CT,200,99 problems,400,313
8,6,T,0,‚≠ï‚É§GerarHB9‚òÅ,276,500
8,6,CT,118,qLethal,500,276
9,6,CT,60,LaMasse,400,313
8,6,CT,255,OldManTouchy,500,276
8,6,T,76,Midgar_7,276,500
8,6,CT,0,Luci,500,276
8,6,T,154,LaMasse,276,500
8,6,T,0,Pix,276,500
17,7,CT,0,Skynet.tns,437,493
17,7,T,42,Pix,493,437
17,7,T,0,Marco_0ne,493,437
17,7,T,53,LaMasse,493,437
17,7,CT,111,JsN,437,493
17,7,CT,0,DoNeVu,437,493
17,7,T,271,-ScofieLd,493,437
16,7,T,48,xlw,300,454
16,7,CT,0,xfl0ud,454,300
16,7,CT,291,vikingar,454,300
16,7,CT,117,saƒü elimde fal√ßata solda 70lik,454,300
17,7,T,127,Ulicni_hodac,493,437
17,7,CT,294,Alexa_ae | sex haver,437,493
17,7,CT,32,djem,437,493
19,7,T,0,LaMasse,310,500
18,7,T,174,LaMasse,474,360
18,7,T,0,Pix,474,360
18,7,CT,101,Real1zm,360,474
18,7,CT,102,Timororis,360,474
18,7,CT,157,Tyreu,360,474
18,7,T,100,_S√°bio_,474,360
18,7,T,200,_lincoln_,474,360
18,7,CT,0,bytaN,360,474
18,7,T,0,‚≠êÔ∏è‚≠êÔ∏èBOT CompaQ‚≠êÔ∏è‚≠ê,474,360
19,7,T,10,AlexWolf,310,500
19,7,T,0,AllAbS,310,500
19,7,CT,329,L e G e n D a,500,310
16,7,CT,46,Yukichi Tsumura,454,300
18,7,CT,0,.trnX,360,474
16,7,T,0,TZANCA URAGANU,300,454
13,7,T,71,Pix,479,364
16,7,T,152,LaMasse,300,454
19,7,CT,71,Norish,500,310
13,7,CT,100,Po 4:20,364,479
13,7,CT,100,beer,364,479
13,7,CT,100,siemka,364,479
13,7,T,125,–û–ª–ï–ì—Ö,479,364
13,7,T,0,–≠—Ä–∏–∫ –ë–æ–ª—Ç,479,364
13,7,T,72,—Å–æ–ª–∏_—Å–ø–∞–π—Å—ã,479,364
14,7,T,181,*illi*,481,378
14,7,CT,0,Daredevil,378,481
14,7,CT,28,Heli[ver],378,481
14,7,CT,201,LaMasse,378,481
14,7,CT,0,Pix,378,481
14,7,T,66,RushHard F.,481,378
14,7,T,0,SKILL_IST LOST( f1 ),481,378
14,7,CT,149,alvarostia24,378,481
14,7,T,0,sexy eis mit sahne,481,378
14,7,T,234,sv_aim_1,481,378
15,7,T,31,Banita.exe,426,464
15,7,T,143,Ereaway,426,464
15,7,T,44,GlamourX,426,464
15,7,T,100,Kerberos,426,464
15,7,CT,15,LaMasse,464,426
15,7,T,108,Mi≈õ Kolaborant,426,464
15,7,CT,82,Mr . Vik,464,426
15,7,CT,213,Pix,464,426
15,7,CT,100,nerushimav,464,426
15,7,CT,54,ùïÑùï†ùï§ùïñùï§,464,426
16,7,CT,0,999,454,300
16,7,T,100,Daredevil,300,454
16,7,T,0,Pix,300,454
19,7,T,0,STOP‰∫ó -TAISM-,310,500
25,7,CT,26,‚òú‚òÜ‚òû ddie ‚òú‚òÜ‚òû,269,478
19,7,CT,100,puckoshark,500,310
23,7,CT,100,ARTO..,500,366
23,7,CT,87,Counterinski,500,366
23,7,CT,100,FuN,500,366
23,7,T,100,LaMasse,366,500
23,7,CT,157,My≈°√°k,500,366
23,7,T,133,Peppy,366,500
23,7,T,0,lil jeep,366,500
23,7,CT,56,szilopapa,500,366
23,7,T,0,”æ”æ”æ,366,500
24,7,T,54,CrossFitJannE,392,500
24,7,CT,109,KubeQ,500,392
24,7,T,0,LaMasse,392,500
24,7,T,200,Linus,392,500
24,7,T,0,Meik√§ poika,392,500
24,7,CT,78,Pingwinator,500,392
24,7,T,138,Pix,392,500
24,7,CT,85,cutie,500,392
24,7,CT,100,is that a supra?,500,392
24,7,CT,128,ok hand,500,392
25,7,CT,0,LaMasse,269,478
25,7,T,278,ONE,478,269
25,7,T,153,PLUXURY SPORT <3,478,269
25,7,CT,200,Paddy Cooper,269,478
25,7,T,47,Robert,478,269
25,7,T,0,Sirius Black,478,269
25,7,CT,17,WoRlD,269,478
25,7,CT,26,mohammed alhaboobi,269,478
25,7,T,0,sh1zey,478,269
13,7,CT,64,Neisonas,364,479
23,7,T,133,911-,366,500
19,7,T,300,hcaktuna,310,500
22,7,T,0,sk0rp,500,484
22,7,T,0,bL(*+*)K ^,500,484
19,7,CT,0,sMiley,500,310
19,7,CT,0,simoN,500,310
20,7,T,68,CiufyX*,386,473
20,7,T,100,ElegyEllem,386,473
20,7,T,0,Eusebio Sausage,386,473
20,7,T,218,LaMasse,386,473
20,7,CT,115,RASTADANIK,473,386
20,7,CT,200,c–ª—É—á–∞–π–Ω–æ,473,386
20,7,CT,0,gbba,473,386
20,7,T,0,husky,386,473
20,7,CT,73,k1bu,473,386
20,7,CT,85,–ó–∞–¶–µ–ù–∏_116Rus,473,386
21,7,CT,0,?Zimmer 6_Raisen.CS.Money,283,500
21,7,CT,40,Bongo,283,500
21,7,T,113,Fr3e,500,283
21,7,T,87,Kosta,500,283
21,7,T,268,LaMasse,500,283
21,7,CT,100,Mr. Worldwide (‚åê‚ñ†_‚ñ†),283,500
21,7,CT,2,Stanley,283,500
21,7,CT,141,TFusi0n,283,500
21,7,T,1,aKIA,500,283
21,7,T,31,weeeeee,500,283
22,7,T,11,GlobaL!peeK,500,484
22,7,CT,100,Golgotho,484,500
22,7,CT,83,LaMasse,484,500
22,7,T,100,Max15Craft,500,484
22,7,CT,0,Pix,484,500
22,7,CT,95,Pixels,484,500
22,7,T,389,Warning! ‚ò¢,500,484
22,7,CT,206,josebadecarglass,484,500
13,7,CT,0,NO-trade,364,479
11,7,T,42,„Ç£ÁßëToxic GhoulÁßë„Ç£,470,500
12,7,CT,52,·†åproland,500,381
3,7,CT,100,Midgar_7,482,500
3,7,CT,182,Pix,482,500
3,7,CT,88,Squirt for me?,482,500
3,7,CT,112,TACOS,482,500
3,7,T,129,cocaine shawty,500,482
3,7,T,42,fatument,500,482
4,7,T,271,-ScofieLd,493,437
4,7,CT,294,Alexa_ae | sex haver,437,493
4,7,CT,0,DoNeVu,437,493
4,7,CT,111,JsN,437,493
4,7,T,53,LaMasse,493,437
4,7,T,0,Marco_0ne,493,437
4,7,T,42,Pix,493,437
3,7,CT,0,LaMasse,482,500
4,7,CT,0,Skynet.tns,437,493
4,7,CT,32,djem,437,493
5,7,CT,0,.trnX,360,474
5,7,T,174,LaMasse,474,360
5,7,T,0,Pix,474,360
5,7,CT,101,Real1zm,360,474
5,7,CT,102,Timororis,360,474
5,7,CT,157,Tyreu,360,474
5,7,T,100,_S√°bio_,474,360
5,7,T,200,_lincoln_,474,360
5,7,CT,0,bytaN,360,474
5,7,T,0,‚≠êÔ∏è‚≠êÔ∏èBOT CompaQ‚≠êÔ∏è‚≠ê,474,360
6,7,T,12,Daredevil,199,500
6,7,CT,195,KreizySofric,500,199
4,7,T,127,Ulicni_hodac,493,437
3,7,T,207,LE C,500,482
3,7,T,122,Golden Patrone,500,482
3,7,T,0,Bing Chilling,500,482
0,7,CT,186,LaMasse,486,218
0,7,T,32,MooN,218,486
0,7,CT,100,Pix,486,218
0,7,CT,0,SibirskiPlavac,486,218
0,7,T,100,Super Kobe,218,486
0,7,T,0,Super Mongo,218,486
0,7,T,0,Super gayzolas,218,486
0,7,T,86,Super linda,218,486
0,7,CT,105,TACOS,486,218
1,7,T,28,ARRRRRRRRR,228,455
1,7,T,0,D22,228,455
1,7,T,0,Dr. Carry,228,455
1,7,T,100,HardChiller,228,455
1,7,CT,101,LaMasse,455,228
1,7,CT,236,MAREGA,455,228
1,7,CT,64,Montanelas ( Õ°¬∞ Õú ñ Õ°,455,228
1,7,CT,54,Pix,455,228
1,7,CT,0,TACOS,455,228
1,7,T,100,Tomkos,228,455
2,7,T,100,Beetlejuice,382,498
2,7,CT,198,Folcatus,498,382
2,7,T,0,KONDZIU,382,498
2,7,T,100,LaMasse,382,498
2,7,CT,6,Silverino,498,382
2,7,CT,7,broski,498,382
2,7,CT,174,kiko,498,382
2,7,T,182,–ê–™–™–ê,382,498
2,7,T,0,–≠–¢–û–¢ –Æ–†–ï–¶,382,498
2,7,CT,113,–±–ª–µ–±–µ—Ä—Ç,498,382
6,7,T,0,"L'ahuri, bi√®re en main",199,500
6,7,T,0,LaMasse,199,500
0,7,CT,95,ARRRRRRRRR,486,218
6,7,CT,0,janjebemajke,500,199
10,7,T,100,1rs1n,191,400
10,7,T,27,AIR,191,400
10,7,T,33,Dan,191,400
10,7,CT,110,Daredevil,400,191
10,7,T,31,Knur ;3,191,400
10,7,CT,68,LaMasse,400,191
10,7,CT,222,Pix,400,191
10,7,CT,0,diki,400,191
10,7,CT,0,ltglenn2,400,191
11,7,CT,174,Battledrone,500,470
11,7,T,281,Daredevil,470,500
11,7,CT,34,Jennykla,500,470
11,7,T,69,Lapland,470,500
9,7,T,21,ÂÖàËº©S”ò…≥œÅaœäÂÖàËº©,354,400
11,7,CT,100,Xantho,500,470
11,7,CT,92,xNexT9,500,470
11,7,CT,100,‚ú™ Betchy,500,470
13,7,T,211,LaMasse,479,364
12,7,CT,26,CO√ëITO 2.0,500,381
12,7,CT,200,Daredevil,500,381
12,7,T,219,GUGU≈ö,381,500
12,7,T,32,ICE MAKER,381,500
12,7,CT,160,LaMasse,500,381
12,7,T,102,Old Vack,381,500
12,7,T,28,PenisBrno,381,500
12,7,T,0,g1mple,381,500
12,7,CT,62,zadymka,500,381
6,7,T,187,Pix,199,500
11,7,T,0,ferwbal,470,500
9,7,T,233,–í–ª–∞–¥ –Ø—Ä–æ–≤–æ–π,354,400
11,7,T,78,LaMasse,470,500
9,7,T,100,huskies,354,400
9,7,T,0,–ê–ù–¢–û–ù –Æ–†–¨–ï–í–ò–ß,354,400
6,7,CT,7,lovro,500,199
6,7,CT,162,mihac,500,199
6,7,T,0,—Å–µ–≥–æ–¥–Ω—è –æ—Ç–¥—ã—Ö–∞—é,199,500
7,7,CT,118,AHOUUU WAOUF WAOUF,500,200
7,7,T,0,"Boris""Nemlow""V",200,500
7,7,CT,7,Daredevil,500,200
7,7,T,48,Dzerteur,200,500
7,7,T,0,GuiiZ#,200,500
7,7,CT,189,Pix,500,200
7,7,T,0,Seb‚ú™Z,200,500
7,7,CT,0,–ì–Ω–æ–º,500,200
7,7,T,152,÷çPuri÷ç,200,500
8,7,T,145,2kilo ziemniakow,484,359
7,7,CT,186,Midgar_7,500,200
6,7,CT,136,jure,500,199
9,7,CT,80,Pix,400,354
8,7,CT,90,Elfo,359,484
9,7,CT,0,Daredevil,400,354
9,7,CT,26,Anime –Ω–∞ –∞–≤–µ,400,354
9,7,CT,174,99 problems,400,354
8,7,T,16,‚≠ï‚É§GerarHB9‚òÅ,484,359
8,7,CT,110,qLethal,359,484
9,7,CT,120,LaMasse,400,354
8,7,CT,0,OldManTouchy,359,484
8,7,T,40,Midgar_7,484,359
8,7,CT,100,Luci,359,484
8,7,T,283,LaMasse,484,359
8,7,CT,59,Ichigo Kurosaki,359,484
8,7,T,0,Pix,484,359
17,8,CT,49,Pix,500,239
17,8,CT,100,Marco_0ne,500,239
17,8,CT,51,LaMasse,500,239
17,8,T,0,JsN,239,500
17,8,T,27,DoNeVu,239,500
16,8,CT,183,xlw,488,167
17,8,CT,236,-ScofieLd,500,239
16,8,T,13,xfl0ud,167,488
16,8,T,0,vikingar,167,488
16,8,T,50,saƒü elimde fal√ßata solda 70lik,167,488
17,8,T,100,Skynet.tns,239,500
17,8,T,100,Alexa_ae | sex haver,239,500
17,8,CT,64,Ulicni_hodac,500,239
19,8,CT,208,LaMasse,500,427
18,8,T,0,.trnX,369,500
18,8,CT,189,LaMasse,500,369
18,8,CT,0,Pix,500,369
18,8,T,179,Real1zm,369,500
18,8,T,0,Timororis,369,500
18,8,T,0,Tyreu,369,500
18,8,CT,100,_S√°bio_,500,369
18,8,CT,111,_lincoln_,500,369
18,8,T,190,bytaN,369,500
18,8,CT,100,‚≠êÔ∏è‚≠êÔ∏èBOT CompaQ‚≠êÔ∏è‚≠ê,500,369
19,8,CT,100,AlexWolf,500,427
19,8,CT,179,AllAbS,500,427
19,8,T,344,L e G e n D a,427,500
16,8,T,22,Yukichi Tsumura,167,488
17,8,T,12,djem,239,500
16,8,CT,100,TZANCA URAGANU,488,167
13,8,CT,0,Pix,519,389
16,8,CT,109,LaMasse,488,167
19,8,T,0,Norish,427,500
13,8,T,36,Po 4:20,389,519
13,8,T,0,beer,389,519
13,8,T,0,siemka,389,519
13,8,CT,0,–û–ª–ï–ì—Ö,519,389
13,8,CT,225,–≠—Ä–∏–∫ –ë–æ–ª—Ç,519,389
13,8,CT,245,—Å–æ–ª–∏_—Å–ø–∞–π—Å—ã,519,389
14,8,CT,26,*illi*,272,426
14,8,T,22,Daredevil,426,272
14,8,T,78,Heli[ver],426,272
14,8,T,200,LaMasse,426,272
14,8,T,0,Pix,426,272
14,8,CT,192,RushHard F.,272,426
14,8,CT,13,SKILL_IST LOST( f1 ),272,426
14,8,T,126,alvarostia24,426,272
14,8,CT,14,sexy eis mit sahne,272,426
14,8,CT,27,sv_aim_1,272,426
15,8,CT,0,Banita.exe,94,500
15,8,CT,0,Ereaway,94,500
15,8,CT,0,GlamourX,94,500
15,8,CT,94,Kerberos,94,500
15,8,T,100,LaMasse,500,94
15,8,CT,0,Mi≈õ Kolaborant,94,500
15,8,T,100,Mr . Vik,500,94
15,8,T,49,Pix,500,94
15,8,T,127,nerushimav,500,94
15,8,T,124,ùïÑùï†ùï§ùïñùï§,500,94
16,8,T,82,999,167,488
16,8,CT,0,Daredevil,488,167
16,8,CT,96,Pix,488,167
19,8,CT,0,STOP‰∫ó -TAISM-,500,427
22,8,CT,34,Warning! ‚ò¢,217,500
19,8,T,0,puckoshark,427,500
23,8,T,100,Counterinski,144,500
23,8,T,0,FuN,144,500
23,8,CT,269,LaMasse,500,144
23,8,T,0,My≈°√°k,144,500
23,8,CT,31,Peppy,500,144
23,8,T,0,szilopapa,144,500
23,8,CT,46,”æ”æ”æ,500,144
24,8,CT,0,CrossFitJannE,460,411
24,8,T,100,KubeQ,411,460
24,8,CT,160,LaMasse,460,411
24,8,CT,16,Linus,460,411
24,8,CT,284,Meik√§ poika,460,411
24,8,T,100,Pingwinator,411,460
23,8,T,44,ARTO..,144,500
24,8,CT,0,Pix,460,411
24,8,T,36,is that a supra?,411,460
24,8,T,111,ok hand,411,460
25,8,T,81,LaMasse,500,168
25,8,CT,56,ONE,168,500
25,8,CT,0,PLUXURY SPORT <3,168,500
25,8,T,82,Paddy Cooper,500,168
25,8,CT,48,Robert,168,500
25,8,CT,64,Sirius Black,168,500
25,8,T,140,WoRlD,500,168
25,8,T,129,mohammed alhaboobi,500,168
25,8,CT,0,sh1zey,168,500
25,8,T,68,‚òú‚òÜ‚òû ddie ‚òú‚òÜ‚òû,500,168
13,8,T,253,Neisonas,389,519
24,8,T,64,cutie,411,460
23,8,CT,64,911-,500,144
22,8,CT,166,sk0rp,217,500
22,8,T,27,josebadecarglass,500,217
19,8,T,83,sMiley,427,500
19,8,T,0,simoN,427,500
20,8,CT,230,CiufyX*,500,273
20,8,CT,100,ElegyEllem,500,273
20,8,CT,18,Eusebio Sausage,500,273
20,8,CT,100,LaMasse,500,273
20,8,T,0,RASTADANIK,273,500
20,8,T,42,c–ª—É—á–∞–π–Ω–æ,273,500
20,8,T,0,gbba,273,500
20,8,CT,52,husky,500,273
20,8,T,69,k1bu,273,500
20,8,T,162,–ó–∞–¶–µ–ù–∏_116Rus,273,500
21,8,T,0,?Zimmer 6_Raisen.CS.Money,400,211
21,8,T,0,Bongo,400,211
21,8,CT,15,Fr3e,211,400
21,8,CT,0,Kosta,211,400
21,8,CT,196,LaMasse,211,400
21,8,T,200,Mr. Worldwide (‚åê‚ñ†_‚ñ†),400,211
21,8,T,200,Stanley,400,211
21,8,T,0,TFusi0n,400,211
21,8,CT,0,aKIA,211,400
21,8,CT,0,weeeeee,211,400
22,8,CT,17,GlobaL!peeK,217,500
22,8,T,200,Golgotho,500,217
22,8,T,40,LaMasse,500,217
22,8,CT,0,Max15Craft,217,500
22,8,T,6,Pix,500,217
22,8,T,227,Pixels,500,217
22,8,CT,0,bL(*+*)K ^,217,500
19,8,CT,13,hcaktuna,500,427
13,8,T,100,NO-trade,389,519
23,8,CT,90,lil jeep,500,144
12,8,T,0,·†åproland,228,495
3,8,T,62,LaMasse,500,227
3,8,T,100,Midgar_7,500,227
3,8,T,138,Pix,500,227
3,8,T,0,Squirt for me?,500,227
3,8,T,200,TACOS,500,227
3,8,CT,85,cocaine shawty,227,500
3,8,CT,115,fatument,227,500
4,8,CT,236,-ScofieLd,500,239
4,8,T,100,Alexa_ae | sex haver,239,500
4,8,T,27,DoNeVu,239,500
4,8,T,0,JsN,239,500
4,8,CT,51,LaMasse,500,239
4,8,CT,100,Marco_0ne,500,239
3,8,CT,0,LE C,227,500
4,8,CT,49,Pix,500,239
4,8,CT,64,Ulicni_hodac,500,239
4,8,T,12,djem,239,500
5,8,T,0,.trnX,369,500
5,8,CT,189,LaMasse,500,369
5,8,CT,0,Pix,500,369
5,8,T,179,Real1zm,369,500
5,8,T,0,Timororis,369,500
5,8,T,0,Tyreu,369,500
5,8,CT,100,_S√°bio_,500,369
5,8,CT,111,_lincoln_,500,369
5,8,T,190,bytaN,369,500
5,8,CT,100,‚≠êÔ∏è‚≠êÔ∏èBOT CompaQ‚≠êÔ∏è‚≠ê,500,369
6,8,T,69,Daredevil,418,477
4,8,T,100,Skynet.tns,239,500
3,8,CT,27,Golden Patrone,227,500
3,8,CT,0,Bing Chilling,227,500
2,8,T,76,–±–ª–µ–±–µ—Ä—Ç,500,380
13,8,CT,49,LaMasse,519,389
0,8,T,100,ARRRRRRRRR,500,264
0,8,T,298,LaMasse,500,264
0,8,CT,0,MooN,264,500
0,8,T,39,Pix,500,264
0,8,T,61,SibirskiPlavac,500,264
0,8,CT,30,Super Mongo,264,500
0,8,CT,164,Super gayzolas,264,500
0,8,CT,0,Super linda,264,500
0,8,T,2,TACOS,500,264
1,8,CT,79,ARRRRRRRRR,286,455
1,8,CT,145,D22,286,455
1,8,CT,15,Dr. Carry,286,455
1,8,CT,16,HardChiller,286,455
1,8,T,122,LaMasse,455,286
1,8,T,100,MAREGA,455,286
1,8,T,21,Montanelas ( Õ°¬∞ Õú ñ Õ°,455,286
1,8,T,35,Pix,455,286
1,8,T,177,TACOS,455,286
1,8,CT,31,Tomkos,286,455
2,8,CT,81,Beetlejuice,380,500
2,8,T,143,Folcatus,500,380
2,8,CT,121,KONDZIU,380,500
2,8,CT,80,LaMasse,380,500
2,8,T,24,Silverino,500,380
2,8,T,157,broski,500,380
2,8,T,100,kiko,500,380
2,8,CT,48,–ê–™–™–ê,380,500
2,8,CT,50,–≠–¢–û–¢ –Æ–†–ï–¶,380,500
6,8,CT,22,KreizySofric,477,418
6,8,T,46,"L'ahuri, bi√®re en main",418,477
0,8,CT,70,Super Kobe,264,500
6,8,T,0,Pix,418,477
9,8,T,0,ÂÖàËº©S”ò…≥œÅaœäÂÖàËº©,300,400
10,8,CT,79,1rs1n,500,230
10,8,CT,77,AIR,500,230
10,8,CT,99,Dan,500,230
10,8,T,67,Daredevil,230,500
10,8,CT,245,Knur ;3,500,230
10,8,T,0,LaMasse,230,500
10,8,T,105,Pix,230,500
10,8,T,48,diki,230,500
10,8,T,10,ltglenn2,230,500
11,8,T,25,Battledrone,500,469
11,8,CT,44,Daredevil,469,500
11,8,T,160,Jennykla,500,469
11,8,CT,46,LaMasse,469,500
11,8,CT,261,Lapland,469,500
11,8,T,76,Xantho,500,469
11,8,CT,54,ferwbal,469,500
11,8,T,59,xNexT9,500,469
11,8,T,180,‚ú™ Betchy,500,469
11,8,CT,64,„Ç£ÁßëToxic GhoulÁßë„Ç£,469,500
12,8,T,0,CO√ëITO 2.0,228,495
12,8,T,28,Daredevil,228,495
12,8,CT,14,GUGU≈ö,495,228
12,8,CT,138,ICE MAKER,495,228
12,8,CT,148,Old Vack,495,228
12,8,CT,0,PenisBrno,495,228
12,8,CT,195,g1mple,495,228
12,8,T,200,zadymka,228,495
6,8,T,139,LaMasse,418,477
9,8,T,100,–í–ª–∞–¥ –Ø—Ä–æ–≤–æ–π,300,400
9,8,T,0,–ê–ù–¢–û–ù –Æ–†–¨–ï–í–ò–ß,300,400
12,8,T,0,LaMasse,228,495
9,8,CT,10,Pix,400,300
9,8,T,200,huskies,300,400
6,8,CT,123,jure,477,418
6,8,CT,45,lovro,477,418
6,8,T,164,—Å–µ–≥–æ–¥–Ω—è –æ—Ç–¥—ã—Ö–∞—é,418,477
7,8,CT,200,AHOUUU WAOUF WAOUF,447,490
7,8,T,56,"Boris""Nemlow""V",490,447
7,8,CT,59,Daredevil,447,490
7,8,T,100,Dzerteur,490,447
7,8,T,190,GuiiZ#,490,447
7,8,CT,188,Midgar_7,447,490
7,8,CT,0,Pix,447,490
7,8,T,0,Seb‚ú™Z,490,447
7,8,CT,0,–ì–Ω–æ–º,447,490
7,8,T,144,÷çPuri÷ç,490,447
6,8,CT,0,mihac,477,418
8,8,T,149,Elfo,252,460
9,8,CT,151,LaMasse,400,300
9,8,CT,0,Daredevil,400,300
8,8,CT,84,2kilo ziemniakow,460,252
9,8,CT,239,Anime –Ω–∞ –∞–≤–µ,400,300
9,8,CT,0,99 problems,400,300
8,8,CT,0,‚≠ï‚É§GerarHB9‚òÅ,460,252
8,8,T,2,qLethal,252,460
6,8,CT,287,janjebemajke,477,418
8,8,T,0,Ichigo Kurosaki,252,460
8,8,CT,130,Pix,460,252
8,8,CT,160,LaMasse,460,252
8,8,T,101,OldManTouchy,252,460
8,8,CT,86,Midgar_7,460,252
8,8,T,0,Luci,252,460
18,9,CT,168,Pix,281,128
18,9,CT,0,LaMasse,281,128
18,9,T,0,.trnX,128,281
17,9,T,0,djem,207,500
19,9,T,25,puckoshark,201,500
17,9,T,0,Skynet.tns,207,500
17,9,CT,0,Pix,500,207
17,9,CT,0,Marco_0ne,500,207
17,9,CT,200,LaMasse,500,207
17,9,T,107,JsN,207,500
17,9,T,0,DoNeVu,207,500
18,9,T,0,Real1zm,128,281
17,9,CT,100,Ulicni_hodac,500,207
18,9,CT,100,_S√°bio_,281,128
18,9,T,0,Tyreu,128,281
18,9,CT,13,_lincoln_,281,128
18,9,T,0,bytaN,128,281
19,9,CT,252,AlexWolf,500,201
19,9,CT,42,AllAbS,500,201
19,9,T,0,L e G e n D a,201,500
19,9,CT,149,LaMasse,500,201
19,9,T,0,Norish,201,500
19,9,CT,0,STOP‰∫ó -TAISM-,500,201
17,9,T,100,Alexa_ae | sex haver,207,500
19,9,CT,57,hcaktuna,500,201
19,9,T,76,sMiley,201,500
18,9,T,128,Timororis,128,281
18,9,CT,0,‚≠êÔ∏è‚≠êÔ∏èBOT CompaQ‚≠êÔ∏è‚≠ê,281,128
15,9,T,35,Pix,479,388
16,9,CT,21,xlw,487,464
14,9,T,100,LaMasse,494,101
14,9,T,100,Pix,494,101
19,9,T,100,simoN,201,500
14,9,CT,0,RushHard F.,101,494
14,9,CT,30,SKILL_IST LOST( f1 ),101,494
14,9,T,194,alvarostia24,494,101
14,9,CT,19,sexy eis mit sahne,101,494
14,9,CT,0,sv_aim_1,101,494
15,9,CT,26,Banita.exe,388,479
15,9,CT,99,Ereaway,388,479
15,9,CT,174,GlamourX,388,479
15,9,CT,89,Kerberos,388,479
17,9,CT,200,-ScofieLd,500,207
15,9,T,100,LaMasse,479,388
15,9,T,44,Mr . Vik,479,388
15,9,T,200,nerushimav,479,388
15,9,T,100,ùïÑùï†ùï§ùïñùï§,479,388
16,9,T,279,999,464,487
16,9,CT,154,Daredevil,487,464
16,9,CT,42,LaMasse,487,464
16,9,CT,125,Pix,487,464
16,9,CT,145,TZANCA URAGANU,487,464
16,9,T,0,Yukichi Tsumura,464,487
16,9,T,63,saƒü elimde fal√ßata solda 70lik,464,487
16,9,T,22,vikingar,464,487
16,9,T,100,xfl0ud,464,487
15,9,CT,0,Mi≈õ Kolaborant,388,479
20,9,CT,206,CiufyX*,500,400
23,9,T,28,ARTO..,390,500
20,9,CT,42,Eusebio Sausage,500,400
23,9,T,137,My≈°√°k,390,500
23,9,CT,142,Peppy,500,390
23,9,CT,86,lil jeep,500,390
23,9,T,0,szilopapa,390,500
23,9,CT,85,”æ”æ”æ,500,390
24,9,CT,156,CrossFitJannE,500,182
24,9,T,24,KubeQ,182,500
24,9,CT,100,LaMasse,500,182
24,9,CT,0,Linus,500,182
24,9,CT,144,Meik√§ poika,500,182
24,9,T,68,Pingwinator,182,500
24,9,CT,100,Pix,500,182
23,9,CT,58,LaMasse,500,390
24,9,T,31,cutie,182,500
24,9,T,22,ok hand,182,500
25,9,T,132,LaMasse,500,422
25,9,CT,68,ONE,422,500
25,9,CT,313,PLUXURY SPORT <3,422,500
25,9,T,300,Paddy Cooper,500,422
25,9,CT,41,Robert,422,500
25,9,CT,0,Sirius Black,422,500
25,9,T,0,WoRlD,500,422
25,9,T,0,mohammed alhaboobi,500,422
25,9,CT,0,sh1zey,422,500
14,9,T,0,Heli[ver],494,101
25,9,T,68,‚òú‚òÜ‚òû ddie ‚òú‚òÜ‚òû,500,422
24,9,T,37,is that a supra?,182,500
23,9,T,156,FuN,390,500
23,9,T,69,Counterinski,0,0
23,9,CT,129,911-,500,390
20,9,CT,44,LaMasse,500,400
20,9,T,160,RASTADANIK,400,500
20,9,T,106,c–ª—É—á–∞–π–Ω–æ,400,500
20,9,T,0,gbba,400,500
20,9,CT,97,husky,500,400
20,9,T,43,k1bu,400,500
20,9,T,91,–ó–∞–¶–µ–ù–∏_116Rus,400,500
21,9,T,152,?Zimmer 6_Raisen.CS.Money,479,345
21,9,T,59,Bongo,479,345
21,9,CT,0,Fr3e,345,479
21,9,CT,0,Kosta,345,479
21,9,CT,22,LaMasse,345,479
21,9,T,191,Mr. Worldwide (‚åê‚ñ†_‚ñ†),479,345
21,9,T,24,Stanley,479,345
21,9,T,53,TFusi0n,479,345
21,9,CT,178,aKIA,345,479
21,9,CT,145,weeeeee,345,479
22,9,CT,0,GlobaL!peeK,183,491
22,9,T,100,Golgotho,491,183
22,9,T,219,LaMasse,491,183
22,9,CT,0,Max15Craft,183,491
22,9,T,28,Pix,491,183
22,9,T,144,Pixels,491,183
22,9,CT,183,Warning! ‚ò¢,183,491
22,9,CT,0,bL(*+*)K ^,183,491
22,9,T,0,josebadecarglass,491,183
22,9,CT,0,sk0rp,183,491
20,9,CT,111,ElegyEllem,500,400
14,9,T,100,Daredevil,494,101
12,9,CT,57,g1mple,467,402
13,9,CT,240,—Å–æ–ª–∏_—Å–ø–∞–π—Å—ã,500,247
4,9,CT,200,-ScofieLd,500,207
4,9,T,100,Alexa_ae | sex haver,207,500
4,9,T,0,DoNeVu,207,500
4,9,T,107,JsN,207,500
4,9,CT,200,LaMasse,500,207
4,9,CT,0,Marco_0ne,500,207
4,9,CT,0,Pix,500,207
4,9,T,0,Skynet.tns,207,500
4,9,CT,100,Ulicni_hodac,500,207
4,9,T,0,djem,207,500
5,9,T,0,.trnX,128,281
5,9,CT,0,LaMasse,281,128
3,9,CT,11,fatument,102,500
5,9,CT,168,Pix,281,128
5,9,T,128,Timororis,128,281
5,9,T,0,Tyreu,128,281
5,9,CT,100,_S√°bio_,281,128
5,9,CT,13,_lincoln_,281,128
5,9,T,0,bytaN,128,281
5,9,CT,0,‚≠êÔ∏è‚≠êÔ∏èBOT CompaQ‚≠êÔ∏è‚≠ê,281,128
6,9,T,0,Daredevil,476,372
6,9,CT,34,KreizySofric,372,476
6,9,T,108,"L'ahuri, bi√®re en main",476,372
6,9,T,100,LaMasse,476,372
6,9,T,253,Pix,476,372
6,9,CT,66,janjebemajke,372,476
5,9,T,0,Real1zm,128,281
6,9,CT,100,jure,372,476
3,9,CT,0,cocaine shawty,102,500
3,9,T,100,Squirt for me?,500,102
0,9,T,59,ARRRRRRRRR,484,199
0,9,T,284,LaMasse,484,199
0,9,CT,47,MooN,199,484
0,9,T,25,Pix,484,199
0,9,T,0,SibirskiPlavac,484,199
0,9,CT,68,Super Kobe,199,484
14,9,CT,52,*illi*,101,494
0,9,CT,13,Super gayzolas,199,484
0,9,CT,39,Super linda,199,484
0,9,T,116,TACOS,484,199
2,9,CT,0,Beetlejuice,0,0
2,9,T,0,Folcatus,0,0
3,9,T,200,TACOS,500,102
2,9,CT,235,KONDZIU,0,0
2,9,T,346,Silverino,0,0
2,9,T,73,broski,0,0
2,9,T,27,kiko,0,0
2,9,CT,100,–ê–™–™–ê,0,0
2,9,CT,0,–≠–¢–û–¢ –Æ–†–ï–¶,0,0
2,9,T,27,–±–ª–µ–±–µ—Ä—Ç,0,0
3,9,CT,0,Bing Chilling,102,500
3,9,CT,0,Golden Patrone,102,500
3,9,CT,91,LE C,102,500
3,9,T,100,LaMasse,500,102
3,9,T,100,Midgar_7,500,102
3,9,T,0,Pix,500,102
2,9,CT,155,LaMasse,0,0
6,9,CT,72,lovro,372,476
0,9,CT,32,Super Mongo,199,484
6,9,T,15,—Å–µ–≥–æ–¥–Ω—è –æ—Ç–¥—ã—Ö–∞—é,476,372
10,9,CT,200,AIR,500,254
10,9,CT,145,Dan,500,254
10,9,T,45,Daredevil,254,500
10,9,CT,0,Knur ;3,500,254
10,9,T,39,LaMasse,254,500
10,9,T,0,Pix,254,500
10,9,T,170,diki,254,500
10,9,T,0,ltglenn2,254,500
12,9,T,0,CO√ëITO 2.0,402,467
12,9,T,42,Daredevil,402,467
12,9,CT,26,GUGU≈ö,467,402
12,9,CT,45,ICE MAKER,467,402
10,9,CT,155,1rs1n,500,254
12,9,T,147,LaMasse,402,467
12,9,CT,139,PenisBrno,467,402
12,9,T,100,zadymka,402,467
12,9,T,113,·†åproland,402,467
13,9,CT,140,LaMasse,500,247
13,9,T,0,NO-trade,247,500
13,9,T,0,Neisonas,247,500
13,9,CT,93,Pix,500,247
13,9,T,0,Po 4:20,247,500
13,9,T,236,siemka,247,500
13,9,CT,0,–û–ª–ï–ì—Ö,500,247
13,9,CT,27,–≠—Ä–∏–∫ –ë–æ–ª—Ç,500,247
6,9,CT,100,mihac,372,476
12,9,CT,200,Old Vack,467,402
9,9,T,88,ÂÖàËº©S”ò…≥œÅaœäÂÖàËº©,381,400
13,9,T,11,beer,247,500
9,9,T,0,–ê–ù–¢–û–ù –Æ–†–¨–ï–í–ò–ß,381,400
9,9,T,281,–í–ª–∞–¥ –Ø—Ä–æ–≤–æ–π,381,400
7,9,T,27,"Boris""Nemlow""V",372,500
7,9,CT,18,AHOUUU WAOUF WAOUF,500,372
7,9,T,0,Dzerteur,372,500
7,9,T,201,GuiiZ#,372,500
7,9,CT,59,Midgar_7,500,372
7,9,CT,23,Pix,500,372
7,9,T,73,Seb‚ú™Z,372,500
7,9,CT,215,–ì–Ω–æ–º,500,372
7,9,T,71,÷çPuri÷ç,372,500
8,9,CT,120,2kilo ziemniakow,500,61
8,9,T,0,Elfo,61,500
8,9,T,0,Ichigo Kurosaki,61,500
7,9,CT,185,Daredevil,500,372
8,9,T,0,Luci,61,500
8,9,CT,242,LaMasse,500,61
9,9,CT,0,LaMasse,400,381
9,9,CT,100,Daredevil,400,381
9,9,CT,0,Anime –Ω–∞ –∞–≤–µ,400,381
9,9,CT,0,99 problems,400,381
9,9,CT,300,Pix,400,381
8,9,T,0,qLethal,61,500
8,9,CT,80,Midgar_7,500,61
8,9,CT,58,‚≠ï‚É§GerarHB9‚òÅ,500,61
9,9,T,12,huskies,381,400
8,9,CT,0,Pix,500,61
8,9,T,61,OldManTouchy,61,500
17,10,T,78,DoNeVu,178,500
16,10,CT,169,Pix,385,500
16,10,CT,54,TZANCA URAGANU,385,500
16,10,T,147,Yukichi Tsumura,500,385
16,10,T,243,vikingar,500,385
16,10,T,44,xfl0ud,500,385
16,10,CT,40,LaMasse,385,500
16,10,CT,122,xlw,385,500
17,10,CT,71,-ScofieLd,500,178
17,10,T,0,Alexa_ae | sex haver,178,500
16,10,T,11,saƒü elimde fal√ßata solda 70lik,500,385
17,10,T,33,Skynet.tns,178,500
17,10,CT,104,LaMasse,500,178
17,10,CT,0,Marco_0ne,500,178
17,10,CT,123,Pix,500,178
17,10,CT,202,Ulicni_hodac,500,178
17,10,T,7,djem,178,500
19,10,CT,22,AlexWolf,422,526
19,10,CT,97,AllAbS,422,526
19,10,T,200,L e G e n D a,526,422
19,10,CT,32,LaMasse,422,526
19,10,T,226,Norish,526,422
17,10,T,60,JsN,178,500
16,10,CT,0,Daredevil,385,500
14,10,CT,0,sexy eis mit sahne,237,500
15,10,T,0,ùïÑùï†ùï§ùïñùï§,475,400
19,10,CT,201,STOP‰∫ó -TAISM-,422,526
13,10,CT,143,–û–ª–ï–ì—Ö,434,368
13,10,CT,0,–≠—Ä–∏–∫ –ë–æ–ª—Ç,434,368
13,10,CT,84,—Å–æ–ª–∏_—Å–ø–∞–π—Å—ã,434,368
14,10,CT,31,*illi*,237,500
14,10,T,19,Daredevil,500,237
14,10,T,87,Heli[ver],500,237
14,10,T,197,LaMasse,500,237
14,10,T,16,Pix,500,237
14,10,CT,0,RushHard F.,237,500
16,10,T,55,999,500,385
14,10,CT,37,SKILL_IST LOST( f1 ),237,500
14,10,CT,169,sv_aim_1,237,500
15,10,CT,0,Banita.exe,400,475
15,10,CT,87,Ereaway,400,475
15,10,CT,22,GlamourX,400,475
15,10,CT,166,Kerberos,400,475
15,10,T,424,LaMasse,475,400
15,10,CT,125,Mi≈õ Kolaborant,400,475
15,10,T,51,Mr . Vik,475,400
15,10,T,0,Pix,475,400
15,10,T,0,nerushimav,475,400
14,10,T,181,alvarostia24,500,237
19,10,CT,70,hcaktuna,422,526
23,10,CT,101,Peppy,332,495
19,10,T,52,sMiley,526,422
23,10,T,0,szilopapa,495,332
23,10,CT,0,”æ”æ”æ,332,495
24,10,CT,52,CrossFitJannE,395,500
24,10,T,200,KubeQ,500,395
24,10,CT,0,LaMasse,395,500
24,10,CT,118,Linus,395,500
24,10,CT,0,Meik√§ poika,395,500
24,10,T,100,Pingwinator,500,395
24,10,CT,225,Pix,395,500
24,10,T,0,cutie,500,395
23,10,CT,0,lil jeep,332,495
24,10,T,32,is that a supra?,500,395
25,10,T,90,LaMasse,401,499
25,10,CT,131,ONE,499,401
25,10,CT,100,PLUXURY SPORT <3,499,401
25,10,T,17,Paddy Cooper,401,499
25,10,CT,0,Robert,499,401
25,10,CT,107,Sirius Black,499,401
25,10,T,127,WoRlD,401,499
25,10,T,140,mohammed alhaboobi,401,499
25,10,CT,161,sh1zey,499,401
13,10,T,108,siemka,368,434
24,10,T,168,ok hand,500,395
23,10,T,0,My≈°√°k,495,332
23,10,CT,32,LaMasse,332,495
23,10,T,295,FuN,495,332
19,10,T,0,simoN,526,422
20,10,CT,200,CiufyX*,500,434
20,10,CT,0,ElegyEllem,500,434
20,10,CT,206,Eusebio Sausage,500,434
20,10,CT,25,LaMasse,500,434
20,10,T,20,RASTADANIK,434,500
20,10,T,214,c–ª—É—á–∞–π–Ω–æ,434,500
20,10,T,100,gbba,434,500
20,10,CT,69,husky,500,434
20,10,T,0,k1bu,434,500
20,10,T,100,–ó–∞–¶–µ–ù–∏_116Rus,434,500
21,10,T,199,?Zimmer 6_Raisen.CS.Money,489,255
21,10,T,35,Bongo,489,255
21,10,CT,22,Fr3e,255,489
21,10,CT,47,Kosta,255,489
21,10,CT,87,LaMasse,255,489
21,10,T,0,Mr. Worldwide (‚åê‚ñ†_‚ñ†),489,255
21,10,T,1,Stanley,489,255
21,10,T,254,TFusi0n,489,255
21,10,CT,46,aKIA,255,489
21,10,CT,53,weeeeee,255,489
23,10,CT,199,911-,332,495
23,10,T,200,ARTO..,495,332
19,10,T,48,puckoshark,526,422
13,10,T,260,beer,368,434
25,10,T,27,‚òú‚òÜ‚òû ddie ‚òú‚òÜ‚òû,401,499
13,10,CT,128,Pix,434,368
3,10,T,112,Squirt for me?,400,500
3,10,T,129,TACOS,400,500
3,10,CT,157,cocaine shawty,500,400
3,10,CT,144,fatument,500,400
4,10,CT,71,-ScofieLd,500,178
4,10,T,0,Alexa_ae | sex haver,178,500
4,10,T,78,DoNeVu,178,500
4,10,T,60,JsN,178,500
4,10,CT,104,LaMasse,500,178
4,10,CT,0,Marco_0ne,500,178
3,10,T,88,Pix,400,500
4,10,CT,123,Pix,500,178
4,10,CT,202,Ulicni_hodac,500,178
4,10,T,7,djem,178,500
6,10,T,69,Daredevil,456,494
6,10,CT,56,KreizySofric,494,456
6,10,T,26,"L'ahuri, bi√®re en main",456,494
6,10,T,100,LaMasse,456,494
6,10,T,200,Pix,456,494
6,10,CT,0,janjebemajke,494,456
6,10,CT,94,jure,494,456
6,10,CT,44,lovro,494,456
4,10,T,33,Skynet.tns,178,500
6,10,CT,300,mihac,494,456
3,10,T,71,Midgar_7,400,500
3,10,CT,0,LE C,500,400
13,10,T,0,Po 4:20,368,434
0,10,T,0,ARRRRRRRRR,344,500
0,10,T,69,LaMasse,344,500
0,10,CT,100,MooN,500,344
0,10,T,57,Pix,344,500
0,10,CT,48,Super Kobe,500,344
0,10,CT,28,Super Mongo,500,344
0,10,CT,300,Super gayzolas,500,344
0,10,CT,24,Super linda,500,344
0,10,T,218,TACOS,344,500
3,10,T,0,LaMasse,400,500
2,10,CT,55,Beetlejuice,990,798
2,10,CT,100,KONDZIU,990,798
2,10,CT,154,LaMasse,990,798
2,10,T,102,Silverino,798,990
2,10,T,73,broski,798,990
2,10,T,47,kiko,798,990
2,10,CT,57,–ê–™–™–ê,990,798
2,10,CT,134,–≠–¢–û–¢ –Æ–†–ï–¶,990,798
2,10,T,10,–±–ª–µ–±–µ—Ä—Ç,798,990
3,10,CT,165,Bing Chilling,500,400
3,10,CT,34,Golden Patrone,500,400
2,10,T,93,Folcatus,798,990
6,10,T,61,—Å–µ–≥–æ–¥–Ω—è –æ—Ç–¥—ã—Ö–∞—é,456,494
0,10,T,0,SibirskiPlavac,344,500
7,10,T,0,"Boris""Nemlow""V",282,500
10,10,CT,100,1rs1n,433,200
10,10,CT,200,AIR,433,200
10,10,CT,100,Dan,433,200
10,10,T,109,Daredevil,200,433
10,10,CT,33,Knur ;3,433,200
10,10,T,0,LaMasse,200,433
10,10,T,0,Pix,200,433
10,10,T,0,diki,200,433
10,10,T,91,ltglenn2,200,433
12,10,T,127,CO√ëITO 2.0,397,499
9,10,T,95,ÂÖàËº©S”ò…≥œÅaœäÂÖàËº©,189,387
12,10,T,0,Daredevil,397,499
12,10,CT,149,ICE MAKER,499,397
12,10,T,144,LaMasse,397,499
12,10,CT,100,Old Vack,499,397
12,10,CT,39,PenisBrno,499,397
12,10,CT,82,g1mple,499,397
12,10,T,126,zadymka,397,499
13,10,CT,79,LaMasse,434,368
13,10,T,0,NO-trade,368,434
13,10,T,0,Neisonas,368,434
7,10,CT,153,AHOUUU WAOUF WAOUF,500,282
12,10,CT,129,GUGU≈ö,499,397
9,10,T,0,–í–ª–∞–¥ –Ø—Ä–æ–≤–æ–π,189,387
12,10,T,0,·†åproland,397,499
9,10,T,0,huskies,189,387
9,10,T,94,–ê–ù–¢–û–ù –Æ–†–¨–ï–í–ò–ß,189,387
7,10,T,0,Dzerteur,282,500
7,10,T,100,GuiiZ#,282,500
7,10,CT,51,Pix,500,282
7,10,T,34,Seb‚ú™Z,282,500
7,10,CT,0,–ì–Ω–æ–º,500,282
7,10,T,148,÷çPuri÷ç,282,500
8,10,CT,92,2kilo ziemniakow,500,321
8,10,T,0,Elfo,321,500
8,10,T,126,Ichigo Kurosaki,321,500
8,10,CT,83,LaMasse,500,321
7,10,CT,53,Midgar_7,500,282
8,10,CT,198,Midgar_7,500,321
9,10,CT,0,Pix,387,189
8,10,T,0,Luci,321,500
9,10,CT,187,LaMasse,387,189
9,10,CT,200,Daredevil,387,189
9,10,CT,0,Anime –Ω–∞ –∞–≤–µ,387,189
7,10,CT,243,Daredevil,500,282
9,10,CT,0,99 problems,387,189
8,10,CT,127,‚≠ï‚É§GerarHB9‚òÅ,500,321
8,10,T,195,qLethal,321,500
8,10,CT,0,Pix,500,321
8,10,T,0,OldManTouchy,321,500
17,11,CT,0,-ScofieLd,500,138
17,11,T,25,Alexa_ae | sex haver,138,500
17,11,T,0,DoNeVu,138,500
17,11,T,100,JsN,138,500
17,11,CT,119,LaMasse,500,138
17,11,CT,81,Marco_0ne,500,138
17,11,CT,0,Pix,500,138
17,11,T,0,Skynet.tns,138,500
17,11,CT,300,Ulicni_hodac,500,138
19,11,CT,191,AlexWolf,453,381
19,11,T,87,simoN,381,453
19,11,CT,162,AllAbS,453,381
19,11,T,100,L e G e n D a,381,453
19,11,T,40,Norish,381,453
19,11,CT,0,STOP‰∫ó -TAISM-,453,381
19,11,CT,0,hcaktuna,453,381
19,11,T,81,puckoshark,381,453
16,11,CT,0,xlw,309,410
19,11,T,73,sMiley,381,453
17,11,T,13,djem,138,500
19,11,CT,100,LaMasse,453,381
13,11,CT,148,–û–ª–ï–ì—Ö,505,240
16,11,T,45,vikingar,410,309
12,11,CT,18,g1mple,413,442
20,11,CT,0,CiufyX*,500,256
12,11,T,222,zadymka,442,413
12,11,T,0,·†åproland,442,413
13,11,CT,149,LaMasse,505,240
13,11,T,100,NO-trade,240,505
13,11,T,0,Neisonas,240,505
13,11,CT,0,Pix,505,240
13,11,T,60,Po 4:20,240,505
16,11,T,0,xfl0ud,410,309
13,11,T,54,beer,240,505
13,11,CT,74,–≠—Ä–∏–∫ –ë–æ–ª—Ç,505,240
13,11,CT,134,—Å–æ–ª–∏_—Å–ø–∞–π—Å—ã,505,240
16,11,T,73,999,410,309
16,11,CT,198,Daredevil,309,410
16,11,CT,3,LaMasse,309,410
16,11,CT,108,Pix,309,410
16,11,CT,0,TZANCA URAGANU,309,410
16,11,T,0,Yukichi Tsumura,0,0
16,11,T,292,saƒü elimde fal√ßata solda 70lik,410,309
13,11,T,26,siemka,240,505
20,11,CT,200,ElegyEllem,500,256
23,11,CT,9,”æ”æ”æ,400,200
20,11,CT,100,LaMasse,500,256
24,11,T,200,KubeQ,500,147
24,11,CT,56,LaMasse,147,500
24,11,CT,0,Linus,147,500
24,11,CT,91,Meik√§ poika,147,500
24,11,T,200,Pingwinator,500,147
24,11,CT,0,Pix,147,500
24,11,T,100,cutie,500,147
24,11,T,0,is that a supra?,500,147
24,11,T,0,ok hand,500,147
24,11,CT,0,CrossFitJannE,147,500
25,11,T,0,LaMasse,270,500
25,11,CT,201,PLUXURY SPORT <3,500,270
25,11,T,136,Paddy Cooper,270,500
25,11,CT,0,Robert,500,270
25,11,CT,0,Sirius Black,500,270
25,11,T,34,WoRlD,270,500
25,11,T,100,mohammed alhaboobi,270,500
25,11,CT,299,sh1zey,500,270
25,11,T,0,‚òú‚òÜ‚òû ddie ‚òú‚òÜ‚òû,270,500
12,11,CT,100,PenisBrno,413,442
25,11,CT,0,ONE,500,270
20,11,CT,113,Eusebio Sausage,500,256
23,11,T,0,szilopapa,200,400
23,11,T,100,My≈°√°k,200,400
20,11,T,73,RASTADANIK,256,500
20,11,T,0,c–ª—É—á–∞–π–Ω–æ,0,0
20,11,T,100,gbba,256,500
20,11,CT,87,husky,500,256
20,11,T,56,k1bu,256,500
20,11,T,27,–ó–∞–¶–µ–ù–∏_116Rus,256,500
21,11,T,0,?Zimmer 6_Raisen.CS.Money,179,441
21,11,T,26,Bongo,179,441
21,11,CT,200,Fr3e,441,179
23,11,CT,0,Peppy,400,200
21,11,CT,0,Kosta,441,179
21,11,T,0,Mr. Worldwide (‚åê‚ñ†_‚ñ†),179,441
21,11,T,53,Stanley,179,441
21,11,T,100,TFusi0n,179,441
21,11,CT,164,aKIA,441,179
21,11,CT,0,weeeeee,441,179
23,11,CT,54,911-,400,200
23,11,T,100,ARTO..,200,400
23,11,T,0,FuN,200,400
23,11,CT,291,LaMasse,400,200
21,11,CT,77,LaMasse,441,179
12,11,CT,0,Old Vack,413,442
23,11,CT,46,lil jeep,400,200
12,11,CT,100,ICE MAKER,413,442
3,11,T,88,Midgar_7,261,500
3,11,T,12,Pix,261,500
3,11,T,30,Squirt for me?,261,500
3,11,T,70,TACOS,261,500
3,11,CT,120,cocaine shawty,500,261
3,11,CT,100,fatument,500,261
4,11,CT,0,-ScofieLd,500,138
4,11,T,25,Alexa_ae | sex haver,138,500
4,11,T,0,DoNeVu,138,500
4,11,T,100,JsN,138,500
4,11,CT,119,LaMasse,500,138
4,11,CT,81,Marco_0ne,500,138
4,11,CT,0,Pix,500,138
4,11,T,0,Skynet.tns,138,500
4,11,CT,300,Ulicni_hodac,500,138
4,11,T,13,djem,138,500
6,11,T,5,Daredevil,482,274
6,11,CT,40,KreizySofric,274,482
6,11,T,173,"L'ahuri, bi√®re en main",482,274
3,11,T,61,LaMasse,261,500
3,11,CT,38,LE C,500,261
3,11,CT,73,Golden Patrone,500,261
3,11,CT,169,Bing Chilling,500,261
12,11,T,78,LaMasse,442,413
0,11,T,0,ARRRRRRRRR,233,500
0,11,T,181,LaMasse,233,500
0,11,CT,73,MooN,500,233
0,11,T,52,Pix,233,500
0,11,T,0,SibirskiPlavac,233,500
0,11,CT,0,Super Mongo,500,233
0,11,CT,46,Super gayzolas,500,233
0,11,CT,81,Super linda,500,233
6,11,T,122,LaMasse,482,274
0,11,T,0,TACOS,233,500
2,11,T,39,Folcatus,300,500
2,11,CT,363,KONDZIU,500,300
2,11,CT,0,LaMasse,500,300
2,11,T,0,Silverino,300,500
2,11,T,0,broski,300,500
2,11,T,87,kiko,300,500
2,11,CT,39,–ê–™–™–ê,500,300
2,11,CT,0,–≠–¢–û–¢ –Æ–†–ï–¶,500,300
2,11,T,174,–±–ª–µ–±–µ—Ä—Ç,300,500
2,11,CT,98,Beetlejuice,500,300
6,11,T,76,Pix,482,274
0,11,CT,300,Super Kobe,500,233
6,11,CT,0,jure,274,482
9,11,CT,100,Anime –Ω–∞ –∞–≤–µ,300,500
9,11,CT,79,Daredevil,300,500
9,11,CT,54,LaMasse,300,500
9,11,CT,67,Pix,300,500
9,11,T,145,huskies,500,300
9,11,T,100,–ê–ù–¢–û–ù –Æ–†–¨–ï–í–ò–ß,500,300
9,11,T,200,–í–ª–∞–¥ –Ø—Ä–æ–≤–æ–π,500,300
9,11,T,55,ÂÖàËº©S”ò…≥œÅaœäÂÖàËº©,500,300
10,11,CT,200,1rs1n,500,226
9,11,CT,0,99 problems,300,500
10,11,CT,200,AIR,500,226
10,11,T,26,Daredevil,226,500
10,11,CT,0,Knur ;3,0,0
10,11,T,55,LaMasse,226,500
10,11,T,119,Pix,226,500
10,11,T,0,ltglenn2,226,500
12,11,T,142,CO√ëITO 2.0,442,413
12,11,T,0,Daredevil,442,413
12,11,CT,195,GUGU≈ö,413,442
6,11,CT,155,janjebemajke,274,482
10,11,CT,100,Dan,500,226
8,11,CT,191,‚≠ï‚É§GerarHB9‚òÅ,258,388
10,11,T,26,diki,226,500
8,11,T,8,qLethal,388,258
6,11,CT,0,mihac,274,482
6,11,T,106,—Å–µ–≥–æ–¥–Ω—è –æ—Ç–¥—ã—Ö–∞—é,482,274
7,11,T,27,"Boris""Nemlow""V",200,500
7,11,CT,26,Daredevil,500,200
7,11,T,113,Dzerteur,200,500
7,11,T,0,GuiiZ#,200,500
7,11,CT,1,Midgar_7,500,200
7,11,CT,70,Pix,500,200
7,11,T,0,Seb‚ú™Z,200,500
7,11,CT,284,AHOUUU WAOUF WAOUF,500,200
7,11,T,60,÷çPuri÷ç,200,500
7,11,CT,119,–ì–Ω–æ–º,500,200
8,11,T,100,OldManTouchy,388,258
8,11,CT,48,Midgar_7,258,388
8,11,T,200,Luci,388,258
8,11,CT,0,Pix,258,388
8,11,CT,19,LaMasse,258,388
8,11,CT,0,2kilo ziemniakow,258,388
8,11,T,80,Elfo,388,258
6,11,CT,79,lovro,274,482
8,11,T,0,Ichigo Kurosaki,388,258
13,12,CT,0,–≠—Ä–∏–∫ –ë–æ–ª—Ç,500,277
13,12,CT,38,—Å–æ–ª–∏_—Å–ø–∞–π—Å—ã,500,277
16,12,T,200,999,485,13
16,12,CT,3,Daredevil,13,485
16,12,CT,10,LaMasse,13,485
16,12,CT,0,Pix,13,485
16,12,CT,0,TZANCA URAGANU,13,485
16,12,T,100,saƒü elimde fal√ßata solda 70lik,485,13
16,12,T,185,vikingar,485,13
16,12,T,0,xfl0ud,485,13
17,12,CT,157,Pix,500,187
17,12,CT,47,-ScofieLd,500,187
17,12,T,0,Alexa_ae | sex haver,187,500
17,12,CT,117,Marco_0ne,500,187
17,12,T,100,DoNeVu,187,500
17,12,T,0,JsN,187,500
17,12,CT,11,LaMasse,500,187
13,12,CT,68,–û–ª–ï–ì—Ö,500,277
16,12,CT,0,xlw,13,485
12,12,CT,77,g1mple,151,500
13,12,T,131,beer,277,500
10,12,T,67,ltglenn2,359,426
17,12,T,87,Skynet.tns,187,500
12,12,T,283,CO√ëITO 2.0,500,151
12,12,T,0,Daredevil,500,151
12,12,CT,23,GUGU≈ö,151,500
12,12,CT,0,ICE MAKER,151,500
12,12,T,0,LaMasse,500,151
12,12,CT,0,Old Vack,151,500
12,12,CT,51,PenisBrno,151,500
10,12,T,0,diki,359,426
12,12,T,131,zadymka,500,151
12,12,T,86,·†åproland,500,151
13,12,CT,115,LaMasse,500,277
13,12,T,35,NO-trade,277,500
13,12,T,0,Neisonas,277,500
13,12,CT,279,Pix,500,277
13,12,T,52,Po 4:20,277,500
13,12,T,59,siemka,277,500
17,12,CT,168,Ulicni_hodac,500,187
24,12,CT,167,CrossFitJannE,500,437
19,12,CT,0,AlexWolf,499,288
24,12,CT,0,Meik√§ poika,500,437
24,12,T,157,Pingwinator,437,500
24,12,CT,7,Pix,500,437
24,12,T,135,cutie,437,500
24,12,T,27,is that a supra?,437,500
24,12,T,68,ok hand,437,500
25,12,T,0,LaMasse,376,491
25,12,CT,164,ONE,491,376
25,12,CT,0,PLUXURY SPORT <3,491,376
25,12,T,23,Paddy Cooper,376,491
25,12,CT,144,Robert,491,376
25,12,CT,183,Sirius Black,491,376
25,12,T,0,WoRlD,376,491
25,12,T,353,mohammed alhaboobi,376,491
25,12,CT,0,sh1zey,491,376
10,12,T,33,Pix,359,426
25,12,T,0,‚òú‚òÜ‚òû ddie ‚òú‚òÜ‚òû,376,491
24,12,CT,253,Linus,500,437
24,12,CT,73,LaMasse,500,437
24,12,T,50,KubeQ,437,500
21,12,CT,100,weeeeee,459,212
19,12,CT,100,AllAbS,499,288
19,12,T,126,L e G e n D a,288,499
19,12,CT,200,LaMasse,499,288
19,12,T,0,Norish,288,499
19,12,CT,99,STOP‰∫ó -TAISM-,499,288
19,12,CT,100,hcaktuna,499,288
19,12,T,52,puckoshark,288,499
19,12,T,53,sMiley,288,499
17,12,T,0,djem,187,500
19,12,T,57,simoN,288,499
21,12,T,33,Bongo,212,459
21,12,CT,0,Fr3e,459,212
21,12,CT,186,Kosta,459,212
21,12,CT,159,LaMasse,459,212
21,12,T,127,Mr. Worldwide (‚åê‚ñ†_‚ñ†),212,459
21,12,T,52,Stanley,212,459
21,12,T,0,TFusi0n,212,459
21,12,CT,14,aKIA,459,212
21,12,T,0,?Zimmer 6_Raisen.CS.Money,212,459
10,12,T,227,LaMasse,359,426
9,12,T,32,huskies,307,300
10,12,T,32,Daredevil,359,426
3,12,CT,0,Golden Patrone,360,500
3,12,CT,78,LE C,360,500
3,12,T,189,LaMasse,500,360
3,12,T,46,Midgar_7,500,360
3,12,T,200,Pix,500,360
3,12,T,65,Squirt for me?,500,360
3,12,T,0,TACOS,500,360
3,12,CT,100,cocaine shawty,360,500
3,12,CT,0,fatument,360,500
4,12,CT,47,-ScofieLd,500,187
4,12,T,0,Alexa_ae | sex haver,187,500
4,12,T,100,DoNeVu,187,500
4,12,T,0,JsN,187,500
4,12,CT,11,LaMasse,500,187
4,12,CT,117,Marco_0ne,500,187
4,12,CT,157,Pix,500,187
4,12,T,87,Skynet.tns,187,500
3,12,CT,182,Bing Chilling,360,500
4,12,CT,168,Ulicni_hodac,500,187
2,12,T,0,–±–ª–µ–±–µ—Ä—Ç,105,495
2,12,CT,99,–ê–™–™–ê,495,105
0,12,T,0,ARRRRRRRRR,443,464
10,12,CT,52,Knur ;3,426,359
0,12,CT,0,MooN,464,443
0,12,T,443,Pix,443,464
0,12,T,0,SibirskiPlavac,443,464
0,12,CT,104,Super Kobe,464,443
0,12,CT,260,Super Mongo,464,443
0,12,CT,100,Super gayzolas,464,443
0,12,CT,0,Super linda,464,443
0,12,T,0,TACOS,443,464
2,12,CT,1,Beetlejuice,495,105
2,12,T,0,Folcatus,105,495
2,12,CT,0,KONDZIU,495,105
2,12,CT,300,LaMasse,495,105
2,12,T,54,Silverino,105,495
2,12,T,51,broski,105,495
2,12,T,0,kiko,105,495
2,12,CT,95,–≠–¢–û–¢ –Æ–†–ï–¶,495,105
4,12,T,0,djem,187,500
0,12,T,0,LaMasse,443,464
6,12,CT,76,KreizySofric,500,454
8,12,T,100,Luci,263,487
8,12,CT,181,Midgar_7,487,263
8,12,T,0,OldManTouchy,263,487
8,12,CT,100,Pix,487,263
8,12,T,105,qLethal,263,487
8,12,CT,0,‚≠ï‚É§GerarHB9‚òÅ,487,263
9,12,CT,81,99 problems,300,307
9,12,CT,69,Anime –Ω–∞ –∞–≤–µ,300,307
9,12,CT,32,Daredevil,300,307
9,12,CT,118,LaMasse,300,307
9,12,CT,0,Pix,300,307
9,12,T,75,–ê–ù–¢–û–ù –Æ–†–¨–ï–í–ò–ß,307,300
9,12,T,100,–í–ª–∞–¥ –Ø—Ä–æ–≤–æ–π,307,300
9,12,T,100,ÂÖàËº©S”ò…≥œÅaœäÂÖàËº©,307,300
10,12,CT,23,1rs1n,426,359
10,12,CT,125,AIR,426,359
6,12,T,99,Daredevil,454,500
8,12,CT,119,LaMasse,487,263
8,12,T,58,Ichigo Kurosaki,263,487
10,12,CT,226,Dan,426,359
8,12,CT,87,2kilo ziemniakow,487,263
8,12,T,0,Elfo,263,487
6,12,T,95,LaMasse,454,500
6,12,T,106,Pix,454,500
6,12,CT,18,janjebemajke,500,454
6,12,CT,62,jure,500,454
6,12,CT,224,lovro,500,454
6,12,CT,120,mihac,500,454
6,12,T,154,—Å–µ–≥–æ–¥–Ω—è –æ—Ç–¥—ã—Ö–∞—é,454,500
7,12,CT,0,AHOUUU WAOUF WAOUF,232,500
6,12,T,0,"L'ahuri, bi√®re en main",454,500
7,12,CT,74,Daredevil,232,500
7,12,T,47,Dzerteur,500,232
7,12,T,184,GuiiZ#,500,232
7,12,CT,158,Midgar_7,232,500
7,12,CT,0,Pix,232,500
7,12,T,0,Seb‚ú™Z,500,232
7,12,CT,0,–ì–Ω–æ–º,232,500
7,12,T,161,"Boris""Nemlow""V",500,232
7,12,T,108,÷çPuri÷ç,500,232
16,13,CT,0,Pix,400,242
16,13,CT,128,TZANCA URAGANU,400,242
16,13,T,184,saƒü elimde fal√ßata solda 70lik,242,400
16,13,T,16,vikingar,242,400
16,13,T,15,xfl0ud,242,400
16,13,CT,241,xlw,400,242
17,13,CT,200,-ScofieLd,400,300
17,13,CT,100,LaMasse,400,300
17,13,T,32,DoNeVu,300,400
17,13,T,93,JsN,300,400
17,13,CT,0,Marco_0ne,400,300
17,13,CT,100,Pix,400,300
17,13,T,100,Skynet.tns,300,400
17,13,CT,0,Ulicni_hodac,400,300
16,13,CT,31,LaMasse,400,242
17,13,T,0,Alexa_ae | sex haver,300,400
17,13,T,75,djem,300,400
12,13,CT,68,GUGU≈ö,251,579
16,13,T,27,999,242,400
19,13,CT,19,AlexWolf,400,500
10,13,CT,0,Dan,308,400
10,13,T,0,Daredevil,400,308
10,13,CT,0,Knur ;3,308,400
10,13,T,129,LaMasse,400,308
10,13,T,100,Pix,400,308
10,13,T,171,diki,400,308
10,13,T,0,ltglenn2,400,308
12,13,T,126,CO√ëITO 2.0,579,251
12,13,T,0,Daredevil,579,251
12,13,CT,30,ICE MAKER,251,579
12,13,T,103,LaMasse,579,251
12,13,CT,0,Old Vack,251,579
12,13,CT,85,PenisBrno,251,579
12,13,CT,68,g1mple,251,579
12,13,T,145,zadymka,579,251
12,13,T,205,·†åproland,579,251
16,13,CT,0,Daredevil,400,242
19,13,CT,100,AllAbS,400,500
24,13,T,27,KubeQ,259,491
19,13,CT,81,LaMasse,400,500
24,13,T,132,Pingwinator,259,491
24,13,CT,85,Pix,491,259
24,13,T,0,cutie,259,491
24,13,T,0,is that a supra?,259,491
24,13,T,100,ok hand,259,491
25,13,T,54,‚òú‚òÜ‚òû ddie ‚òú‚òÜ‚òû,352,500
25,13,T,0,LaMasse,352,500
24,13,CT,120,Meik√§ poika,491,259
25,13,CT,0,ONE,500,352
25,13,T,166,Paddy Cooper,352,500
25,13,CT,46,Robert,500,352
25,13,CT,261,Sirius Black,500,352
25,13,T,51,WoRlD,352,500
25,13,T,81,mohammed alhaboobi,352,500
25,13,CT,100,sh1zey,500,352
10,13,CT,191,AIR,308,400
25,13,CT,93,PLUXURY SPORT <3,500,352
19,13,T,237,L e G e n D a,500,400
24,13,CT,195,Linus,491,259
24,13,CT,0,CrossFitJannE,491,259
19,13,T,0,Norish,500,400
19,13,CT,126,STOP‰∫ó -TAISM-,400,500
19,13,CT,74,hcaktuna,400,500
19,13,T,163,puckoshark,500,400
19,13,T,0,sMiley,500,400
19,13,T,100,simoN,500,400
21,13,T,0,?Zimmer 6_Raisen.CS.Money,500,395
24,13,CT,91,LaMasse,491,259
21,13,T,27,Bongo,500,395
21,13,CT,0,Kosta,395,500
21,13,CT,0,LaMasse,395,500
21,13,T,373,Mr. Worldwide (‚åê‚ñ†_‚ñ†),500,395
21,13,T,0,Stanley,500,395
21,13,T,100,TFusi0n,500,395
21,13,CT,195,aKIA,395,500
21,13,CT,100,weeeeee,395,500
21,13,CT,100,Fr3e,395,500
10,13,CT,117,1rs1n,308,400
0,13,T,153,TACOS,500,416
9,13,T,0,–í–ª–∞–¥ –Ø—Ä–æ–≤–æ–π,500,199
3,13,CT,17,Golden Patrone,492,337
3,13,CT,0,LE C,492,337
3,13,T,26,LaMasse,337,492
3,13,T,0,Midgar_7,337,492
3,13,T,176,Pix,337,492
3,13,T,26,Squirt for me?,337,492
3,13,T,109,TACOS,337,492
3,13,CT,292,Bing Chilling,492,337
3,13,CT,83,cocaine shawty,492,337
4,13,CT,200,-ScofieLd,400,300
4,13,T,0,Alexa_ae | sex haver,300,400
4,13,T,32,DoNeVu,300,400
4,13,T,93,JsN,300,400
4,13,CT,100,LaMasse,400,300
4,13,CT,0,Marco_0ne,400,300
4,13,CT,100,Pix,400,300
3,13,CT,100,fatument,492,337
4,13,T,100,Skynet.tns,300,400
2,13,T,169,–±–ª–µ–±–µ—Ä—Ç,369,500
2,13,CT,26,–ê–™–™–ê,500,369
9,13,T,100,ÂÖàËº©S”ò…≥œÅaœäÂÖàËº©,500,199
0,13,T,173,ARRRRRRRRR,500,416
0,13,CT,30,MooN,416,500
0,13,T,0,Pix,500,416
0,13,T,100,SibirskiPlavac,500,416
0,13,CT,70,Super Kobe,416,500
0,13,CT,263,Super Mongo,416,500
2,13,CT,100,–≠–¢–û–¢ –Æ–†–ï–¶,500,369
0,13,CT,0,Super gayzolas,416,500
2,13,CT,299,Beetlejuice,500,369
2,13,T,0,Folcatus,369,500
2,13,CT,67,KONDZIU,500,369
2,13,CT,8,LaMasse,500,369
2,13,T,0,Silverino,369,500
2,13,T,0,broski,369,500
2,13,T,200,kiko,369,500
0,13,CT,53,Super linda,0,0
4,13,CT,0,Ulicni_hodac,400,300
0,13,T,74,LaMasse,500,416
6,13,T,20,Daredevil,354,524
8,13,T,108,Elfo,500,459
8,13,T,200,Ichigo Kurosaki,500,459
8,13,CT,163,LaMasse,459,500
8,13,T,192,Luci,500,459
8,13,CT,152,Midgar_7,459,500
8,13,T,0,OldManTouchy,500,459
8,13,CT,100,Pix,459,500
8,13,CT,0,2kilo ziemniakow,459,500
8,13,T,0,qLethal,500,459
9,13,CT,0,99 problems,199,500
9,13,CT,0,Anime –Ω–∞ –∞–≤–µ,199,500
9,13,CT,99,Daredevil,199,500
9,13,CT,100,LaMasse,199,500
9,13,CT,0,Pix,199,500
4,13,T,75,djem,300,400
9,13,T,100,–ê–ù–¢–û–ù –Æ–†–¨–ï–í–ò–ß,500,199
8,13,CT,44,‚≠ï‚É§GerarHB9‚òÅ,459,500
7,13,T,70,÷çPuri÷ç,275,485
9,13,T,300,huskies,500,199
7,13,T,60,Seb‚ú™Z,275,485
7,13,CT,85,–ì–Ω–æ–º,485,275
6,13,T,32,"L'ahuri, bi√®re en main",354,524
6,13,T,54,LaMasse,354,524
6,13,T,148,Pix,354,524
6,13,CT,41,janjebemajke,524,354
6,13,CT,183,KreizySofric,524,354
6,13,CT,275,lovro,524,354
6,13,CT,25,mihac,524,354
6,13,CT,0,jure,524,354
7,13,CT,178,AHOUUU WAOUF WAOUF,485,275
7,13,T,26,"Boris""Nemlow""V",275,485
7,13,CT,128,Daredevil,485,275
7,13,T,19,Dzerteur,275,485
7,13,T,100,GuiiZ#,275,485
7,13,CT,30,Midgar_7,485,275
7,13,CT,64,Pix,485,275
6,13,T,100,—Å–µ–≥–æ–¥–Ω—è –æ—Ç–¥—ã—Ö–∞—é,354,524
16,14,T,54,vikingar,468,300
16,14,T,81,xfl0ud,468,300
16,14,CT,100,xlw,300,468
17,14,CT,46,-ScofieLd,500,426
17,14,T,80,Alexa_ae | sex haver,426,500
17,14,T,26,DoNeVu,426,500
17,14,T,246,djem,426,500
17,14,CT,190,LaMasse,500,426
17,14,CT,64,Marco_0ne,500,426
17,14,CT,146,Pix,500,426
17,14,T,52,Skynet.tns,426,500
17,14,CT,54,Ulicni_hodac,500,426
19,14,CT,0,AlexWolf,470,401
17,14,T,22,JsN,426,500
16,14,T,0,saƒü elimde fal√ßata solda 70lik,468,300
12,14,CT,100,g1mple,374,500
16,14,CT,0,Pix,300,468
10,14,T,0,Pix,400,100
19,14,CT,111,AllAbS,470,401
10,14,T,100,diki,400,100
10,14,T,200,ltglenn2,400,100
12,14,T,220,CO√ëITO 2.0,500,374
12,14,T,174,Daredevil,500,374
12,14,CT,84,GUGU≈ö,374,500
16,14,CT,0,TZANCA URAGANU,300,468
12,14,CT,90,ICE MAKER,374,500
12,14,CT,100,Old Vack,374,500
12,14,CT,0,PenisBrno,374,500
12,14,T,80,zadymka,500,374
12,14,T,26,·†åproland,500,374
16,14,T,333,999,468,300
16,14,CT,100,Daredevil,300,468
16,14,CT,100,LaMasse,300,468
12,14,T,0,LaMasse,500,374
19,14,T,100,L e G e n D a,401,470
24,14,T,78,KubeQ,310,491
19,14,T,0,Norish,401,470
24,14,CT,251,Pix,491,310
24,14,T,0,cutie,310,491
24,14,T,82,is that a supra?,310,491
24,14,T,17,ok hand,310,491
25,14,T,12,LaMasse,312,500
25,14,CT,0,ONE,500,312
25,14,CT,0,PLUXURY SPORT <3,500,312
25,14,T,12,Paddy Cooper,312,500
25,14,CT,100,Robert,500,312
25,14,CT,237,Sirius Black,500,312
25,14,T,3,WoRlD,312,500
25,14,T,200,mohammed alhaboobi,312,500
25,14,CT,163,sh1zey,500,312
25,14,T,85,‚òú‚òÜ‚òû ddie ‚òú‚òÜ‚òû,312,500
10,14,T,100,LaMasse,400,100
24,14,T,133,Pingwinator,310,491
19,14,CT,175,LaMasse,470,401
24,14,CT,14,Meik√§ poika,491,310
24,14,CT,100,LaMasse,491,310
19,14,CT,0,STOP‰∫ó -TAISM-,470,401
19,14,CT,184,hcaktuna,470,401
19,14,T,7,puckoshark,401,470
19,14,T,194,sMiley,401,470
19,14,T,100,simoN,401,470
21,14,T,122,?Zimmer 6_Raisen.CS.Money,500,400
21,14,T,66,Bongo,500,400
21,14,CT,0,Fr3e,400,500
21,14,CT,57,LaMasse,400,500
21,14,T,100,Mr. Worldwide (‚åê‚ñ†_‚ñ†),500,400
21,14,T,85,Stanley,500,400
21,14,T,127,TFusi0n,500,400
21,14,CT,132,aKIA,400,500
21,14,CT,111,weeeeee,400,500
24,14,CT,0,CrossFitJannE,491,310
24,14,CT,126,Linus,491,310
10,14,CT,0,Knur ;3,100,400
21,14,CT,100,Kosta,400,500
10,14,CT,0,Dan,100,400
3,14,CT,100,fatument,381,441
4,14,CT,46,-ScofieLd,500,426
4,14,T,80,Alexa_ae | sex haver,426,500
4,14,T,26,DoNeVu,426,500
4,14,T,22,JsN,426,500
4,14,CT,190,LaMasse,500,426
3,14,CT,100,cocaine shawty,381,441
4,14,CT,64,Marco_0ne,500,426
4,14,T,52,Skynet.tns,426,500
4,14,CT,54,Ulicni_hodac,500,426
4,14,T,246,djem,426,500
6,14,T,44,Daredevil,192,500
6,14,CT,100,KreizySofric,500,192
6,14,T,0,"L'ahuri, bi√®re en main",192,500
4,14,CT,146,Pix,500,426
3,14,T,125,TACOS,441,381
3,14,T,0,Squirt for me?,441,381
3,14,T,252,Pix,441,381
10,14,T,0,Daredevil,400,100
2,14,CT,0,Beetlejuice,500,238
2,14,T,0,Folcatus,238,500
2,14,CT,0,KONDZIU,500,238
2,14,CT,100,LaMasse,500,238
2,14,T,0,Silverino,238,500
2,14,T,172,broski,238,500
2,14,T,40,kiko,238,500
2,14,CT,300,–ê–™–™–ê,500,238
2,14,CT,100,–≠–¢–û–¢ –Æ–†–ï–¶,500,238
2,14,T,26,–±–ª–µ–±–µ—Ä—Ç,238,500
3,14,CT,81,Bing Chilling,0,0
3,14,CT,100,Golden Patrone,381,441
3,14,CT,0,LE C,381,441
3,14,T,64,LaMasse,441,381
6,14,T,148,LaMasse,192,500
6,14,T,0,Pix,192,500
3,14,T,0,Midgar_7,441,381
6,14,CT,77,jure,500,192
8,14,T,100,OldManTouchy,264,500
8,14,CT,61,Pix,500,264
8,14,T,0,qLethal,264,500
8,14,CT,95,‚≠ï‚É§GerarHB9‚òÅ,500,264
9,14,CT,58,99 problems,300,500
9,14,CT,0,Anime –Ω–∞ –∞–≤–µ,300,500
9,14,CT,142,LaMasse,300,500
9,14,CT,0,Pix,300,500
9,14,T,100,huskies,500,300
9,14,T,100,–ê–ù–¢–û–ù –Æ–†–¨–ï–í–ò–ß,500,300
9,14,T,200,–í–ª–∞–¥ –Ø—Ä–æ–≤–æ–π,500,300
9,14,T,100,ÂÖàËº©S”ò…≥œÅaœäÂÖàËº©,500,300
10,14,CT,100,1rs1n,100,400
10,14,CT,0,AIR,100,400
6,14,CT,55,janjebemajke,500,192
8,14,CT,100,Midgar_7,500,264
8,14,T,49,Luci,264,500
9,14,CT,100,Daredevil,300,500
8,14,T,115,Ichigo Kurosaki,264,500
6,14,CT,23,lovro,500,192
6,14,CT,245,mihac,500,192
8,14,CT,44,LaMasse,500,264
6,14,T,0,—Å–µ–≥–æ–¥–Ω—è –æ—Ç–¥—ã—Ö–∞—é,192,500
7,14,CT,70,AHOUUU WAOUF WAOUF,400,449
7,14,T,187,"Boris""Nemlow""V",449,400
7,14,T,26,Dzerteur,449,400
7,14,T,0,GuiiZ#,449,400
7,14,CT,127,Daredevil,400,449
7,14,CT,201,Pix,400,449
7,14,T,54,Seb‚ú™Z,449,400
7,14,CT,0,–ì–Ω–æ–º,400,449
7,14,T,182,÷çPuri÷ç,449,400
8,14,CT,200,2kilo ziemniakow,500,264
8,14,T,0,Elfo,264,500
7,14,CT,2,Midgar_7,400,449
21,15,T,16,Mr. Worldwide (‚åê‚ñ†_‚ñ†),500,200
16,15,CT,333,xlw,425,394
21,15,CT,102,LaMasse,200,500
21,15,CT,30,Kosta,200,500
21,15,T,100,Stanley,500,200
21,15,CT,0,Fr3e,200,500
21,15,T,100,Bongo,500,200
21,15,T,84,?Zimmer 6_Raisen.CS.Money,500,200
16,15,T,26,xfl0ud,394,425
16,15,T,0,999,394,425
16,15,T,0,saƒü elimde fal√ßata solda 70lik,394,425
16,15,CT,0,TZANCA URAGANU,425,394
16,15,CT,0,Pix,425,394
16,15,CT,12,LaMasse,425,394
12,15,T,92,·†åproland,468,400
12,15,T,246,zadymka,468,400
21,15,T,200,TFusi0n,500,200
12,15,CT,200,g1mple,400,468
16,15,T,368,vikingar,394,425
21,15,CT,52,aKIA,200,500
25,15,CT,25,Sirius Black,393,459
24,15,CT,125,CrossFitJannE,492,334
12,15,CT,200,PenisBrno,400,468
25,15,T,0,‚òú‚òÜ‚òû ddie ‚òú‚òÜ‚òû,459,393
25,15,CT,93,sh1zey,393,459
25,15,T,199,mohammed alhaboobi,459,393
25,15,T,76,WoRlD,459,393
25,15,CT,0,Robert,393,459
25,15,T,184,Paddy Cooper,459,393
25,15,CT,100,PLUXURY SPORT <3,393,459
25,15,CT,175,ONE,393,459
25,15,T,0,LaMasse,459,393
24,15,T,164,ok hand,334,492
24,15,T,34,is that a supra?,334,492
24,15,T,0,cutie,334,492
24,15,CT,95,Pix,492,334
24,15,T,0,Pingwinator,334,492
24,15,CT,159,Meik√§ poika,492,334
24,15,CT,13,Linus,492,334
24,15,CT,100,LaMasse,492,334
24,15,T,136,KubeQ,334,492
21,15,CT,16,weeeeee,200,500
12,15,CT,0,Old Vack,400,468
16,15,CT,80,Daredevil,425,394
12,15,CT,0,ICE MAKER,400,468
8,15,CT,80,Pix,495,347
8,15,T,86,OldManTouchy,347,495
8,15,CT,126,Midgar_7,495,347
8,15,T,0,Luci,347,495
8,15,CT,164,LaMasse,495,347
8,15,T,0,Ichigo Kurosaki,347,495
8,15,T,218,Elfo,347,495
8,15,CT,0,2kilo ziemniakow,495,347
8,15,T,43,qLethal,347,495
7,15,CT,100,÷çPuri÷ç,400,489
7,15,CT,62,Seb‚ú™Z,400,489
7,15,T,120,Midgar_7,489,400
7,15,CT,0,GuiiZ#,400,489
7,15,CT,0,Dzerteur,400,489
7,15,T,163,Daredevil,489,400
7,15,CT,238,"Boris""Nemlow""V",400,489
7,15,T,38,AHOUUU WAOUF WAOUF,489,400
12,15,T,130,LaMasse,468,400
7,15,T,64,–ì–Ω–æ–º,489,400
8,15,CT,125,‚≠ï‚É§GerarHB9‚òÅ,495,347
7,15,T,104,Pix,489,400
9,15,T,0,Anime –Ω–∞ –∞–≤–µ,400,160
9,15,T,100,99 problems,400,160
12,15,T,0,Daredevil,468,400
12,15,T,0,CO√ëITO 2.0,468,400
10,15,T,0,ltglenn2,100,500
10,15,T,0,diki,100,500
10,15,T,0,Pix,100,500
12,15,CT,0,GUGU≈ö,400,468
10,15,CT,100,Knur ;3,500,100
10,15,T,0,Daredevil,100,500
10,15,T,100,LaMasse,100,500
10,15,CT,0,AIR,500,100
10,15,CT,20,1rs1n,500,100
9,15,CT,100,ÂÖàËº©S”ò…≥œÅaœäÂÖàËº©,160,400
9,15,CT,0,–í–ª–∞–¥ –Ø—Ä–æ–≤–æ–π,160,400
9,15,CT,0,–ê–ù–¢–û–ù –Æ–†–¨–ï–í–ò–ß,160,400
9,15,CT,60,huskies,160,400
9,15,T,0,Pix,400,160
9,15,T,300,LaMasse,400,160
10,15,CT,380,Dan,500,100
9,15,T,0,Daredevil,400,160
9,16,T,0,Daredevil,274,484
9,16,T,151,LaMasse,274,484
9,16,T,82,Pix,274,484
9,16,CT,238,ÂÖàËº©S”ò…≥œÅaœäÂÖàËº©,484,274
9,16,CT,54,–ê–ù–¢–û–ù –Æ–†–¨–ï–í–ò–ß,484,274
9,16,CT,100,–í–ª–∞–¥ –Ø—Ä–æ–≤–æ–π,484,274
9,16,T,41,Anime –Ω–∞ –∞–≤–µ,274,484
9,16,CT,92,huskies,484,274
9,16,T,0,99 problems,274,484
7,16,CT,25,Dzerteur,79,500
7,16,T,100,–ì–Ω–æ–º,500,79
7,16,CT,23,Seb‚ú™Z,79,500
7,16,T,0,Pix,500,79
7,16,T,100,Midgar_7,500,79
7,16,CT,0,GuiiZ#,79,500
7,16,T,166,Daredevil,500,79
7,16,CT,17,"Boris""Nemlow""V",79,500
7,16,T,134,AHOUUU WAOUF WAOUF,500,79
7,16,CT,14,÷çPuri÷ç,79,500
9,17,T,0,Daredevil,255,500
9,17,T,68,LaMasse,255,500
9,17,T,87,Pix,255,500
9,17,CT,92,ÂÖàËº©S”ò…≥œÅaœäÂÖàËº©,500,255
9,17,CT,145,–ê–ù–¢–û–ù –Æ–†–¨–ï–í–ò–ß,500,255
9,17,T,100,Anime –Ω–∞ –∞–≤–µ,255,500
9,17,CT,163,–í–ª–∞–¥ –Ø—Ä–æ–≤–æ–π,500,255
9,17,CT,100,huskies,500,255
9,17,T,0,99 problems,255,500
7,17,CT,178,"Boris""Nemlow""V",433,500
7,17,T,100,–ì–Ω–æ–º,500,433
7,17,T,82,AHOUUU WAOUF WAOUF,500,433
7,17,T,85,Daredevil,500,433
7,17,CT,25,Dzerteur,433,500
7,17,CT,40,÷çPuri÷ç,433,500
7,17,T,100,Midgar_7,500,433
7,17,T,133,Pix,500,433
7,17,CT,6,Seb‚ú™Z,433,500
7,17,CT,184,GuiiZ#,433,500
9,18,T,0,99 problems,300,331
9,18,CT,77,–í–ª–∞–¥ –Ø—Ä–æ–≤–æ–π,331,300
9,18,CT,193,–ê–ù–¢–û–ù –Æ–†–¨–ï–í–ò–ß,331,300
9,18,CT,61,huskies,331,300
9,18,T,126,Pix,300,331
9,18,T,100,LaMasse,300,331
9,18,T,0,Daredevil,300,331
9,18,T,74,Anime –Ω–∞ –∞–≤–µ,300,331
7,18,CT,0,÷çPuri÷ç,338,479
9,18,CT,0,ÂÖàËº©S”ò…≥œÅaœäÂÖàËº©,331,300
7,18,CT,100,Seb‚ú™Z,338,479
7,18,T,27,AHOUUU WAOUF WAOUF,479,338
7,18,CT,100,"Boris""Nemlow""V",338,479
7,18,T,200,Daredevil,479,338
7,18,T,0,–ì–Ω–æ–º,479,338
7,18,CT,138,GuiiZ#,338,479
7,18,T,173,Midgar_7,479,338
7,18,T,79,Pix,479,338
7,18,CT,0,Dzerteur,338,479
9,19,T,65,99 problems,365,220
9,19,CT,100,–í–ª–∞–¥ –Ø—Ä–æ–≤–æ–π,220,365
9,19,CT,0,–ê–ù–¢–û–ù –Æ–†–¨–ï–í–ò–ß,220,365
9,19,CT,120,huskies,220,365
9,19,T,100,Pix,365,220
9,19,T,133,LaMasse,365,220
9,19,T,0,Daredevil,365,220
9,19,T,67,Anime –Ω–∞ –∞–≤–µ,365,220
9,19,CT,0,ÂÖàËº©S”ò…≥œÅaœäÂÖàËº©,220,365
7,19,CT,78,÷çPuri÷ç,334,500
7,19,CT,64,Seb‚ú™Z,334,500
7,19,T,120,Pix,500,334
7,19,T,8,Midgar_7,500,334
7,19,CT,192,GuiiZ#,334,500
7,19,CT,0,Dzerteur,334,500
7,19,T,100,Daredevil,500,334
7,19,CT,0,"Boris""Nemlow""V",334,500
7,19,T,100,AHOUUU WAOUF WAOUF,500,334
7,19,T,172,–ì–Ω–æ–º,500,334
9,20,CT,0,–ê–ù–¢–û–ù –Æ–†–¨–ï–í–ò–ß,114,400
9,20,CT,0,huskies,114,400
9,20,T,0,Pix,400,114
9,20,CT,54,–í–ª–∞–¥ –Ø—Ä–æ–≤–æ–π,114,400
9,20,T,200,Daredevil,400,114
9,20,T,37,Anime –Ω–∞ –∞–≤–µ,400,114
9,20,T,150,99 problems,400,114
9,20,T,13,LaMasse,400,114
9,20,CT,60,ÂÖàËº©S”ò…≥œÅaœäÂÖàËº©,114,400
